[0.000000] (-) TimerEvent: {}
[0.000471] (-) JobUnselected: {'identifier': 'aichallenge_awsim_adapter'}
[0.000658] (-) JobUnselected: {'identifier': 'aichallenge_submit_launch'}
[0.000677] (-) JobUnselected: {'identifier': 'aichallenge_system_launch'}
[0.000692] (-) JobUnselected: {'identifier': 'goal_pose_setter'}
[0.000706] (-) JobUnselected: {'identifier': 'gyro_odometer'}
[0.000720] (-) JobUnselected: {'identifier': 'imu_corrector'}
[0.000734] (-) JobUnselected: {'identifier': 'imu_gnss_poser'}
[0.000749] (-) JobUnselected: {'identifier': 'my_control_node'}
[0.000762] (-) JobUnselected: {'identifier': 'path_to_trajectory'}
[0.000776] (-) JobUnselected: {'identifier': 'racing_kart_description'}
[0.000790] (-) JobUnselected: {'identifier': 'racing_kart_sensor_kit_description'}
[0.000804] (-) JobUnselected: {'identifier': 'simple_pure_pursuit'}
[0.000822] (closest_point_finder) JobQueued: {'identifier': 'closest_point_finder', 'dependencies': OrderedDict()}
[0.000842] (closest_point_finder) JobStarted: {'identifier': 'closest_point_finder'}
[0.044952] (closest_point_finder) JobProgress: {'identifier': 'closest_point_finder', 'progress': 'cmake'}
[0.045138] (closest_point_finder) Command: {'cmd': ['/usr/bin/cmake', '/aichallenge/workspace/src/aichallenge_submit/closest_point_finder', '-DCMAKE_BUILD_TYPE=Release', '-DAMENT_CMAKE_SYMLINK_INSTALL=1', '-DCMAKE_INSTALL_PREFIX=/aichallenge/install/closest_point_finder'], 'cwd': '/aichallenge/build/closest_point_finder', 'env': OrderedDict([('HOSTNAME', 'SurfaceLT4'), ('SHLVL', '1'), ('LD_LIBRARY_PATH', '/autoware/install/vehicle_cmd_gate/lib:/autoware/install/trajectory_follower_node/lib:/autoware/install/pure_pursuit/lib:/autoware/install/pid_longitudinal_controller/lib:/autoware/install/mpc_lateral_controller/lib:/autoware/install/trajectory_follower_base/lib:/autoware/install/tier4_planning_rviz_plugin/lib:/autoware/install/tier4_localization_rviz_plugin/lib:/autoware/install/surround_obstacle_checker/lib:/autoware/install/steer_offset_estimator/lib:/autoware/install/static_centerline_optimizer/lib:/autoware/install/simple_planning_simulator/lib:/autoware/install/planning_validator/lib:/autoware/install/operation_mode_transition_manager/lib:/autoware/install/obstacle_velocity_limiter/lib:/autoware/install/obstacle_stop_planner/lib:/autoware/install/obstacle_cruise_planner/lib:/autoware/install/obstacle_collision_checker/lib:/autoware/install/obstacle_avoidance_planner/lib:/autoware/install/behavior_velocity_planner/lib:/autoware/install/motion_velocity_smoother/lib:/autoware/install/mission_planner/lib:/autoware/install/behavior_path_planner/lib:/autoware/install/lane_departure_checker/lib:/autoware/install/ground_segmentation/lib:/autoware/install/control_performance_analysis/lib:/autoware/install/freespace_planner/lib:/autoware/install/freespace_planning_algorithms/lib:/autoware/install/vehicle_info_util/lib:/autoware/install/tvm_utility/lib:/autoware/install/traffic_light_visualization/lib:/autoware/install/traffic_light_selector/lib:/autoware/install/traffic_light_map_based_detector/lib:/autoware/install/traffic_light_classifier/lib:/autoware/install/component_state_monitor/lib:/autoware/install/topic_state_monitor/lib:/autoware/install/time_utils/lib:/autoware/install/tier4_vehicle_rviz_plugin/lib:/autoware/install/tier4_calibration_rviz_plugin/lib:/autoware/install/external_cmd_selector/lib:/autoware/install/autoware_iv_internal_api_adaptor/lib:/autoware/install/autoware_iv_external_api_adaptor/lib:/autoware/install/external_cmd_converter/lib:/autoware/install/raw_vehicle_cmd_converter/lib:/autoware/install/tier4_vehicle_msgs/lib:/autoware/install/dummy_infrastructure/lib:/autoware/install/tier4_v2x_msgs/lib:/autoware/install/tier4_traffic_light_rviz_plugin/lib:/autoware/install/tier4_api_msgs/lib:/autoware/install/mrm_emergency_stop_operator/lib:/autoware/install/mrm_comfortable_stop_operator/lib:/autoware/install/default_ad_api/lib:/autoware/install/tier4_system_msgs/lib:/autoware/install/tier4_state_rviz_plugin/lib:/autoware/install/fault_injection/lib:/autoware/install/diagnostic_converter/lib:/autoware/install/tier4_simulation_msgs/lib:/autoware/install/tier4_simulated_clock_rviz_plugin/lib:/autoware/install/tier4_screen_capture_rviz_plugin/lib:/autoware/install/rtc_replayer/lib:/autoware/install/rtc_manager_rviz_plugin/lib:/autoware/install/rtc_interface/lib:/autoware/install/rtc_auto_mode_manager/lib:/autoware/install/tier4_rtc_msgs/lib:/autoware/install/scenario_selector/lib:/autoware/install/planning_debug_tools/lib:/autoware/install/external_velocity_limit_selector/lib:/autoware/install/costmap_generator/lib:/autoware/install/tier4_planning_msgs/lib:/autoware/install/tier4_perception_rviz_plugin/lib:/autoware/install/detection_by_tracker/lib:/autoware/install/shape_estimation/lib:/autoware/install/object_merger/lib:/autoware/install/multi_object_tracker/lib:/autoware/install/image_projection_based_fusion/lib:/autoware/install/euclidean_cluster/lib:/autoware/install/dummy_perception_publisher/lib:/autoware/install/detected_object_validation/lib:/autoware/install/detected_object_feature_remover/lib:/autoware/install/tier4_perception_msgs/lib:/autoware/install/occupancy_grid_map_outlier_filter/lib:/autoware/install/compare_map_segmentation/lib:/autoware/install/pointcloud_preprocessor/lib:/autoware/install/tier4_pcl_extensions/lib:/autoware/install/initial_pose_button_panel/lib:/autoware/install/tier4_localization_msgs/lib:/autoware/install/tier4_hmi_msgs/lib:/autoware/install/tier4_control_rviz_plugin/lib:/autoware/install/joy_controller/lib:/autoware/install/system_monitor/lib:/autoware/install/elevation_map_loader/lib:/autoware/install/autoware_external_api_msgs/lib:/autoware/install/tier4_external_api_msgs/lib:/autoware/install/tier4_debug_tools/lib:/autoware/install/tier4_debug_rviz_plugin/lib:/autoware/install/route_handler/lib:/autoware/install/radar_tracks_msgs_converter/lib:/autoware/install/radar_static_pointcloud_filter/lib:/autoware/install/radar_fusion_to_detected_object/lib:/autoware/install/probabilistic_occupancy_grid_map/lib:/autoware/install/planning_evaluator/lib:/autoware/install/heatmap_visualizer/lib:/autoware/install/perception_utils/lib:/autoware/install/path_distance_calculator/lib:/autoware/install/map_based_prediction/lib:/autoware/install/motion_utils/lib:/autoware/install/map_loader/lib:/autoware/install/localization_evaluator/lib:/autoware/install/kinematic_evaluator/lib:/autoware/install/interpolation/lib:/autoware/install/imu_corrector/lib:/autoware/install/image_diagnostics/lib:/autoware/install/gyro_odometer/lib:/autoware/install/grid_map_utils/lib:/autoware/install/goal_distance_calculator/lib:/autoware/install/front_vehicle_velocity_estimator/lib:/autoware/install/ekf_localizer/lib:/autoware/install/crosswalk_traffic_light_estimator/lib:/autoware/install/tier4_autoware_utils/lib:/autoware/install/gnss_poser/lib:/autoware/install/tier4_debug_msgs/lib:/autoware/install/tier4_datetime_rviz_plugin/lib:/autoware/install/tier4_control_msgs/lib:/autoware/install/tier4_automatic_goal_rviz_plugin/lib:/autoware/install/signal_processing/lib:/autoware/install/shift_decider/lib:/autoware/install/radar_threshold_filter/lib:/autoware/install/radar_scan_to_pointcloud2/lib:/autoware/install/polar_grid/lib:/autoware/install/pointcloud_to_laserscan/lib:/autoware/install/osqp_interface/lib:/autoware/install/object_range_splitter/lib:/autoware/install/ndt_omp/lib:/autoware/install/mussp/lib:/autoware/install/morai_msgs/lib:/autoware/install/map_tf_generator/lib:/autoware/install/map_height_fitter/lib:/autoware/install/livox_tag_filter/lib:/autoware/install/lanelet2_extension/lib:/autoware/install/kalman_filter/lib:/autoware/install/image_transport_decompressor/lib:/autoware/install/geo_pos_conv/lib:/autoware/install/fake_test_node/lib:/autoware/install/bluetooth_monitor/lib:/autoware/install/bag_time_manager_rviz_plugin/lib:/autoware/install/autoware_utils/lib:/autoware/install/autoware_sensing_msgs/lib:/autoware/install/autoware_planning_msgs/lib:/autoware/install/autoware_perception_msgs/lib:/autoware/install/autoware_map_msgs/lib:/autoware/install/autoware_localization_msgs/lib:/autoware/install/autoware_control_msgs/lib:/autoware/install/autoware_common_msgs/lib:/autoware/install/autoware_auto_geometry/lib:/autoware/install/autoware_auto_vehicle_msgs/lib:/autoware/install/autoware_auto_system_msgs/lib:/autoware/install/autoware_auto_planning_msgs/lib:/autoware/install/autoware_auto_perception_rviz_plugin/lib:/autoware/install/autoware_auto_perception_msgs/lib:/autoware/install/autoware_auto_mapping_msgs/lib:/autoware/install/autoware_auto_geometry_msgs/lib:/autoware/install/autoware_auto_control_msgs/lib:/autoware/install/autoware_adapi_version_msgs/lib:/autoware/install/autoware_adapi_v1_msgs/lib:/opt/ros/humble/opt/rviz_ogre_vendor/lib:/opt/ros/humble/lib/x86_64-linux-gnu:/opt/ros/humble/lib'), ('HOME', '/home/rinnosuke'), ('CYCLONEDDS_URI', 'file:///opt/autoware/cyclonedds.xml'), ('OLDPWD', '/'), ('ROS_PYTHON_VERSION', '3'), ('LC_CTYPE', 'C.UTF-8'), ('COLCON_PREFIX_PATH', '/autoware/install'), ('ROS_DISTRO', 'humble'), ('_', '/usr/bin/colcon'), ('ROS_VERSION', '2'), ('TERM', 'xterm-256color'), ('ROS_LOCALHOST_ONLY', '0'), ('QT_X11_NO_MITSHM', '1'), ('PATH', '/opt/ros/humble/bin:/usr/local/sbin:/usr/local/bin:/usr/sbin:/usr/bin:/sbin:/bin'), ('XDG_RUNTIME_DIR', '/tmp/xdg'), ('DISPLAY', ':0'), ('RMW_IMPLEMENTATION', 'rmw_cyclonedds_cpp'), ('XAUTHORITY', '/tmp/.dockertju5hk0i.xauth'), ('LS_COLORS', 'rs=0:di=01;34:ln=01;36:mh=00:pi=40;33:so=01;35:do=01;35:bd=40;33;01:cd=40;33;01:or=40;31;01:mi=00:su=37;41:sg=30;43:ca=30;41:tw=30;42:ow=34;42:st=37;44:ex=01;32:*.tar=01;31:*.tgz=01;31:*.arc=01;31:*.arj=01;31:*.taz=01;31:*.lha=01;31:*.lz4=01;31:*.lzh=01;31:*.lzma=01;31:*.tlz=01;31:*.txz=01;31:*.tzo=01;31:*.t7z=01;31:*.zip=01;31:*.z=01;31:*.dz=01;31:*.gz=01;31:*.lrz=01;31:*.lz=01;31:*.lzo=01;31:*.xz=01;31:*.zst=01;31:*.tzst=01;31:*.bz2=01;31:*.bz=01;31:*.tbz=01;31:*.tbz2=01;31:*.tz=01;31:*.deb=01;31:*.rpm=01;31:*.jar=01;31:*.war=01;31:*.ear=01;31:*.sar=01;31:*.rar=01;31:*.alz=01;31:*.ace=01;31:*.zoo=01;31:*.cpio=01;31:*.7z=01;31:*.rz=01;31:*.cab=01;31:*.wim=01;31:*.swm=01;31:*.dwm=01;31:*.esd=01;31:*.jpg=01;35:*.jpeg=01;35:*.mjpg=01;35:*.mjpeg=01;35:*.gif=01;35:*.bmp=01;35:*.pbm=01;35:*.pgm=01;35:*.ppm=01;35:*.tga=01;35:*.xbm=01;35:*.xpm=01;35:*.tif=01;35:*.tiff=01;35:*.png=01;35:*.svg=01;35:*.svgz=01;35:*.mng=01;35:*.pcx=01;35:*.mov=01;35:*.mpg=01;35:*.mpeg=01;35:*.m2v=01;35:*.mkv=01;35:*.webm=01;35:*.webp=01;35:*.ogm=01;35:*.mp4=01;35:*.m4v=01;35:*.mp4v=01;35:*.vob=01;35:*.qt=01;35:*.nuv=01;35:*.wmv=01;35:*.asf=01;35:*.rm=01;35:*.rmvb=01;35:*.flc=01;35:*.avi=01;35:*.fli=01;35:*.flv=01;35:*.gl=01;35:*.dl=01;35:*.xcf=01;35:*.xwd=01;35:*.yuv=01;35:*.cgm=01;35:*.emf=01;35:*.ogv=01;35:*.ogx=01;35:*.aac=00;36:*.au=00;36:*.flac=00;36:*.m4a=00;36:*.mid=00;36:*.midi=00;36:*.mka=00;36:*.mp3=00;36:*.mpc=00;36:*.ogg=00;36:*.ra=00;36:*.wav=00;36:*.oga=00;36:*.opus=00;36:*.spx=00;36:*.xspf=00;36:'), ('AMENT_PREFIX_PATH', '/autoware/install/velodyne_monitor:/autoware/install/vehicle_velocity_converter:/autoware/install/autoware_launch:/autoware/install/tier4_control_launch:/autoware/install/vehicle_cmd_gate:/autoware/install/trajectory_follower_node:/autoware/install/pure_pursuit:/autoware/install/pid_longitudinal_controller:/autoware/install/mpc_lateral_controller:/autoware/install/trajectory_follower_base:/autoware/install/tier4_simulator_launch:/autoware/install/tier4_sensing_launch:/autoware/install/tier4_planning_rviz_plugin:/autoware/install/tier4_planning_launch:/autoware/install/tier4_perception_launch:/autoware/install/tier4_localization_rviz_plugin:/autoware/install/surround_obstacle_checker:/autoware/install/steer_offset_estimator:/autoware/install/static_centerline_optimizer:/autoware/install/simple_planning_simulator:/autoware/install/planning_validator:/autoware/install/operation_mode_transition_manager:/autoware/install/obstacle_velocity_limiter:/autoware/install/obstacle_stop_planner:/autoware/install/obstacle_cruise_planner:/autoware/install/obstacle_collision_checker:/autoware/install/obstacle_avoidance_planner:/autoware/install/behavior_velocity_planner:/autoware/install/motion_velocity_smoother:/autoware/install/mission_planner:/autoware/install/behavior_path_planner:/autoware/install/lane_departure_checker:/autoware/install/ground_segmentation:/autoware/install/control_performance_analysis:/autoware/install/global_parameter_loader:/autoware/install/freespace_planner:/autoware/install/freespace_planning_algorithms:/autoware/install/vehicle_info_util:/autoware/install/twist2accel:/autoware/install/lidar_centerpoint_tvm:/autoware/install/lidar_apollo_segmentation_tvm_nodes:/autoware/install/lidar_apollo_segmentation_tvm:/autoware/install/tvm_utility:/autoware/install/traffic_light_visualization:/autoware/install/traffic_light_ssd_fine_detector:/autoware/install/traffic_light_selector:/autoware/install/traffic_light_map_based_detector:/autoware/install/traffic_light_classifier:/autoware/install/tier4_system_launch:/autoware/install/component_state_monitor:/autoware/install/topic_state_monitor:/autoware/install/time_utils:/autoware/install/tier4_vehicle_rviz_plugin:/autoware/install/tier4_calibration_rviz_plugin:/autoware/install/tier4_autoware_api_launch:/autoware/install/external_cmd_selector:/autoware/install/awapi_awiv_adapter:/autoware/install/autoware_iv_internal_api_adaptor:/autoware/install/autoware_iv_external_api_adaptor:/autoware/install/tier4_auto_msgs_converter:/autoware/install/external_cmd_converter:/autoware/install/accel_brake_map_calibrator:/autoware/install/raw_vehicle_cmd_converter:/autoware/install/tier4_vehicle_msgs:/autoware/install/tier4_vehicle_launch:/autoware/install/dummy_infrastructure:/autoware/install/tier4_v2x_msgs:/autoware/install/tier4_traffic_light_rviz_plugin:/autoware/install/tier4_localization_launch:/autoware/install/tier4_api_msgs:/autoware/install/pose_initializer:/autoware/install/mrm_emergency_stop_operator:/autoware/install/mrm_comfortable_stop_operator:/autoware/install/emergency_handler:/autoware/install/default_ad_api:/autoware/install/automatic_pose_initializer:/autoware/install/ad_api_adaptors:/autoware/install/component_interface_utils:/autoware/install/component_interface_tools:/autoware/install/tier4_system_msgs:/autoware/install/tier4_state_rviz_plugin:/autoware/install/fault_injection:/autoware/install/diagnostic_converter:/autoware/install/tier4_simulation_msgs:/autoware/install/tier4_simulated_clock_rviz_plugin:/autoware/install/tier4_screen_capture_rviz_plugin:/autoware/install/rtc_replayer:/autoware/install/rtc_manager_rviz_plugin:/autoware/install/rtc_interface:/autoware/install/rtc_auto_mode_manager:/autoware/install/tier4_rtc_msgs:/autoware/install/scenario_selector:/autoware/install/planning_debug_tools:/autoware/install/external_velocity_limit_selector:/autoware/install/costmap_generator:/autoware/install/tier4_planning_msgs:/autoware/install/tier4_perception_rviz_plugin:/autoware/install/tensorrt_yolo:/autoware/install/detection_by_tracker:/autoware/install/shape_estimation:/autoware/install/object_merger:/autoware/install/multi_object_tracker:/autoware/install/lidar_apollo_instance_segmentation:/autoware/install/image_projection_based_fusion:/autoware/install/euclidean_cluster:/autoware/install/dummy_perception_publisher:/autoware/install/detected_object_validation:/autoware/install/detected_object_feature_remover:/autoware/install/tier4_perception_msgs:/autoware/install/occupancy_grid_map_outlier_filter:/autoware/install/compare_map_segmentation:/autoware/install/pointcloud_preprocessor:/autoware/install/tier4_pcl_extensions:/autoware/install/tier4_map_launch:/autoware/install/ndt_scan_matcher:/autoware/install/initial_pose_button_panel:/autoware/install/tier4_localization_msgs:/autoware/install/tier4_hmi_msgs:/autoware/install/tier4_control_rviz_plugin:/autoware/install/joy_controller:/autoware/install/tier4_api_utils:/autoware/install/system_monitor:/autoware/install/elevation_map_loader:/autoware/install/autoware_external_api_msgs:/autoware/install/tier4_external_api_msgs:/autoware/install/tier4_debug_tools:/autoware/install/tier4_debug_rviz_plugin:/autoware/install/system_error_monitor:/autoware/install/route_handler:/autoware/install/radar_tracks_msgs_converter:/autoware/install/radar_static_pointcloud_filter:/autoware/install/radar_fusion_to_detected_object:/autoware/install/probabilistic_occupancy_grid_map:/autoware/install/planning_evaluator:/autoware/install/lidar_centerpoint:/autoware/install/heatmap_visualizer:/autoware/install/perception_utils:/autoware/install/path_distance_calculator:/autoware/install/map_based_prediction:/autoware/install/motion_utils:/autoware/install/map_loader:/autoware/install/localization_evaluator:/autoware/install/kinematic_evaluator:/autoware/install/interpolation:/autoware/install/imu_corrector:/autoware/install/image_diagnostics:/autoware/install/gyro_odometer:/autoware/install/grid_map_utils:/autoware/install/goal_distance_calculator:/autoware/install/front_vehicle_velocity_estimator:/autoware/install/ekf_localizer:/autoware/install/dummy_diag_publisher:/autoware/install/crosswalk_traffic_light_estimator:/autoware/install/tier4_autoware_utils:/autoware/install/stop_filter:/autoware/install/pose2twist:/autoware/install/gnss_poser:/autoware/install/tier4_debug_msgs:/autoware/install/tier4_datetime_rviz_plugin:/autoware/install/tier4_control_msgs:/autoware/install/tier4_automatic_goal_rviz_plugin:/autoware/install/simulator_compatibility_test:/autoware/install/signal_processing:/autoware/install/shift_decider:/autoware/install/radar_threshold_filter:/autoware/install/radar_scan_to_pointcloud2:/autoware/install/polar_grid:/autoware/install/pointcloud_to_laserscan:/autoware/install/osqp_interface:/autoware/install/object_range_splitter:/autoware/install/ndt_omp:/autoware/install/mussp:/autoware/install/morai_msgs:/autoware/install/map_tf_generator:/autoware/install/map_height_fitter:/autoware/install/localization_error_monitor:/autoware/install/livox_tag_filter:/autoware/install/lanelet2_map_preprocessor:/autoware/install/lanelet2_extension:/autoware/install/kalman_filter:/autoware/install/individual_params:/autoware/install/image_transport_decompressor:/autoware/install/geo_pos_conv:/autoware/install/fake_test_node:/autoware/install/component_interface_specs:/autoware/install/bluetooth_monitor:/autoware/install/bag_time_manager_rviz_plugin:/autoware/install/autoware_utils:/autoware/install/autoware_testing:/autoware/install/autoware_sensing_msgs:/autoware/install/autoware_point_types:/autoware/install/autoware_planning_msgs:/autoware/install/autoware_perception_msgs:/autoware/install/autoware_map_msgs:/autoware/install/autoware_localization_msgs:/autoware/install/autoware_lint_common:/autoware/install/autoware_control_msgs:/autoware/install/autoware_common_msgs:/autoware/install/autoware_cmake:/autoware/install/autoware_auto_msgs:/autoware/install/autoware_auto_geometry:/autoware/install/autoware_auto_vehicle_msgs:/autoware/install/autoware_auto_tf2:/autoware/install/autoware_auto_system_msgs:/autoware/install/autoware_auto_planning_msgs:/autoware/install/autoware_auto_perception_rviz_plugin:/autoware/install/autoware_auto_perception_msgs:/autoware/install/autoware_auto_mapping_msgs:/autoware/install/autoware_auto_geometry_msgs:/autoware/install/autoware_auto_control_msgs:/autoware/install/autoware_auto_common:/autoware/install/autoware_adapi_version_msgs:/autoware/install/ad_api_visualizers:/autoware/install/autoware_adapi_v1_msgs:/autoware/install/autoware_ad_api_specs:/opt/ros/humble'), ('PWD', '/aichallenge/build/closest_point_finder'), ('RCUTILS_COLORIZED_OUTPUT', '1'), ('PYTHONPATH', '/autoware/install/static_centerline_optimizer/local/lib/python3.10/dist-packages:/autoware/install/planning_validator/local/lib/python3.10/dist-packages:/autoware/install/operation_mode_transition_manager/local/lib/python3.10/dist-packages:/autoware/install/control_performance_analysis/local/lib/python3.10/dist-packages:/autoware/install/tier4_vehicle_msgs/local/lib/python3.10/dist-packages:/autoware/install/tier4_v2x_msgs/local/lib/python3.10/dist-packages:/autoware/install/tier4_api_msgs/local/lib/python3.10/dist-packages:/autoware/install/tier4_system_msgs/local/lib/python3.10/dist-packages:/autoware/install/tier4_simulation_msgs/local/lib/python3.10/dist-packages:/autoware/install/tier4_rtc_msgs/local/lib/python3.10/dist-packages:/autoware/install/planning_debug_tools/local/lib/python3.10/dist-packages:/autoware/install/tier4_planning_msgs/local/lib/python3.10/dist-packages:/autoware/install/dummy_perception_publisher/local/lib/python3.10/dist-packages:/autoware/install/tier4_perception_msgs/local/lib/python3.10/dist-packages:/autoware/install/tier4_localization_msgs/local/lib/python3.10/dist-packages:/autoware/install/tier4_hmi_msgs/local/lib/python3.10/dist-packages:/autoware/install/autoware_external_api_msgs/local/lib/python3.10/dist-packages:/autoware/install/tier4_external_api_msgs/local/lib/python3.10/dist-packages:/autoware/install/tier4_debug_msgs/local/lib/python3.10/dist-packages:/autoware/install/tier4_control_msgs/local/lib/python3.10/dist-packages:/autoware/install/simulator_compatibility_test/lib/python3.10/site-packages:/autoware/install/morai_msgs/local/lib/python3.10/dist-packages:/autoware/install/autoware_sensing_msgs/local/lib/python3.10/dist-packages:/autoware/install/autoware_planning_msgs/local/lib/python3.10/dist-packages:/autoware/install/autoware_perception_msgs/local/lib/python3.10/dist-packages:/autoware/install/autoware_map_msgs/local/lib/python3.10/dist-packages:/autoware/install/autoware_localization_msgs/local/lib/python3.10/dist-packages:/autoware/install/autoware_control_msgs/local/lib/python3.10/dist-packages:/autoware/install/autoware_common_msgs/local/lib/python3.10/dist-packages:/autoware/install/autoware_auto_vehicle_msgs/local/lib/python3.10/dist-packages:/autoware/install/autoware_auto_system_msgs/local/lib/python3.10/dist-packages:/autoware/install/autoware_auto_planning_msgs/local/lib/python3.10/dist-packages:/autoware/install/autoware_auto_perception_msgs/local/lib/python3.10/dist-packages:/autoware/install/autoware_auto_mapping_msgs/local/lib/python3.10/dist-packages:/autoware/install/autoware_auto_geometry_msgs/local/lib/python3.10/dist-packages:/autoware/install/autoware_auto_control_msgs/local/lib/python3.10/dist-packages:/autoware/install/autoware_adapi_version_msgs/local/lib/python3.10/dist-packages:/autoware/install/ad_api_visualizers/lib/python3.10/site-packages:/autoware/install/autoware_adapi_v1_msgs/local/lib/python3.10/dist-packages:/opt/ros/humble/lib/python3.10/site-packages:/opt/ros/humble/local/lib/python3.10/dist-packages'), ('COLCON', '1'), ('CMAKE_PREFIX_PATH', '/autoware/install/velodyne_monitor:/autoware/install/vehicle_velocity_converter:/autoware/install/autoware_launch:/autoware/install/tier4_control_launch:/autoware/install/vehicle_cmd_gate:/autoware/install/trajectory_follower_node:/autoware/install/pure_pursuit:/autoware/install/pid_longitudinal_controller:/autoware/install/mpc_lateral_controller:/autoware/install/trajectory_follower_base:/autoware/install/tier4_simulator_launch:/autoware/install/tier4_sensing_launch:/autoware/install/tier4_planning_rviz_plugin:/autoware/install/tier4_planning_launch:/autoware/install/tier4_perception_launch:/autoware/install/tier4_localization_rviz_plugin:/autoware/install/surround_obstacle_checker:/autoware/install/steer_offset_estimator:/autoware/install/static_centerline_optimizer:/autoware/install/simple_planning_simulator:/autoware/install/planning_validator:/autoware/install/operation_mode_transition_manager:/autoware/install/obstacle_velocity_limiter:/autoware/install/obstacle_stop_planner:/autoware/install/obstacle_cruise_planner:/autoware/install/obstacle_collision_checker:/autoware/install/obstacle_avoidance_planner:/autoware/install/behavior_velocity_planner:/autoware/install/motion_velocity_smoother:/autoware/install/mission_planner:/autoware/install/behavior_path_planner:/autoware/install/lane_departure_checker:/autoware/install/ground_segmentation:/autoware/install/control_performance_analysis:/autoware/install/global_parameter_loader:/autoware/install/freespace_planner:/autoware/install/freespace_planning_algorithms:/autoware/install/vehicle_info_util:/autoware/install/twist2accel:/autoware/install/lidar_centerpoint_tvm:/autoware/install/lidar_apollo_segmentation_tvm_nodes:/autoware/install/lidar_apollo_segmentation_tvm:/autoware/install/tvm_utility:/autoware/install/traffic_light_visualization:/autoware/install/traffic_light_ssd_fine_detector:/autoware/install/traffic_light_selector:/autoware/install/traffic_light_map_based_detector:/autoware/install/traffic_light_classifier:/autoware/install/tier4_system_launch:/autoware/install/component_state_monitor:/autoware/install/topic_state_monitor:/autoware/install/time_utils:/autoware/install/tier4_vehicle_rviz_plugin:/autoware/install/tier4_calibration_rviz_plugin:/autoware/install/tier4_autoware_api_launch:/autoware/install/external_cmd_selector:/autoware/install/awapi_awiv_adapter:/autoware/install/autoware_iv_internal_api_adaptor:/autoware/install/autoware_iv_external_api_adaptor:/autoware/install/tier4_auto_msgs_converter:/autoware/install/external_cmd_converter:/autoware/install/accel_brake_map_calibrator:/autoware/install/raw_vehicle_cmd_converter:/autoware/install/tier4_vehicle_msgs:/autoware/install/tier4_vehicle_launch:/autoware/install/dummy_infrastructure:/autoware/install/tier4_v2x_msgs:/autoware/install/tier4_traffic_light_rviz_plugin:/autoware/install/tier4_localization_launch:/autoware/install/tier4_api_msgs:/autoware/install/pose_initializer:/autoware/install/mrm_emergency_stop_operator:/autoware/install/mrm_comfortable_stop_operator:/autoware/install/emergency_handler:/autoware/install/default_ad_api:/autoware/install/automatic_pose_initializer:/autoware/install/ad_api_adaptors:/autoware/install/component_interface_utils:/autoware/install/component_interface_tools:/autoware/install/tier4_system_msgs:/autoware/install/tier4_state_rviz_plugin:/autoware/install/fault_injection:/autoware/install/diagnostic_converter:/autoware/install/tier4_simulation_msgs:/autoware/install/tier4_simulated_clock_rviz_plugin:/autoware/install/tier4_screen_capture_rviz_plugin:/autoware/install/rtc_replayer:/autoware/install/rtc_manager_rviz_plugin:/autoware/install/rtc_interface:/autoware/install/rtc_auto_mode_manager:/autoware/install/tier4_rtc_msgs:/autoware/install/scenario_selector:/autoware/install/planning_debug_tools:/autoware/install/external_velocity_limit_selector:/autoware/install/costmap_generator:/autoware/install/tier4_planning_msgs:/autoware/install/tier4_perception_rviz_plugin:/autoware/install/tensorrt_yolo:/autoware/install/detection_by_tracker:/autoware/install/shape_estimation:/autoware/install/object_merger:/autoware/install/multi_object_tracker:/autoware/install/lidar_apollo_instance_segmentation:/autoware/install/image_projection_based_fusion:/autoware/install/euclidean_cluster:/autoware/install/dummy_perception_publisher:/autoware/install/detected_object_validation:/autoware/install/detected_object_feature_remover:/autoware/install/tier4_perception_msgs:/autoware/install/occupancy_grid_map_outlier_filter:/autoware/install/compare_map_segmentation:/autoware/install/pointcloud_preprocessor:/autoware/install/tier4_pcl_extensions:/autoware/install/tier4_map_launch:/autoware/install/ndt_scan_matcher:/autoware/install/initial_pose_button_panel:/autoware/install/tier4_localization_msgs:/autoware/install/tier4_hmi_msgs:/autoware/install/tier4_control_rviz_plugin:/autoware/install/joy_controller:/autoware/install/tier4_api_utils:/autoware/install/system_monitor:/autoware/install/elevation_map_loader:/autoware/install/autoware_external_api_msgs:/autoware/install/tier4_external_api_msgs:/autoware/install/tier4_debug_tools:/autoware/install/tier4_debug_rviz_plugin:/autoware/install/system_error_monitor:/autoware/install/route_handler:/autoware/install/radar_tracks_msgs_converter:/autoware/install/radar_static_pointcloud_filter:/autoware/install/radar_fusion_to_detected_object:/autoware/install/probabilistic_occupancy_grid_map:/autoware/install/planning_evaluator:/autoware/install/lidar_centerpoint:/autoware/install/heatmap_visualizer:/autoware/install/perception_utils:/autoware/install/path_distance_calculator:/autoware/install/map_based_prediction:/autoware/install/motion_utils:/autoware/install/map_loader:/autoware/install/localization_evaluator:/autoware/install/kinematic_evaluator:/autoware/install/interpolation:/autoware/install/imu_corrector:/autoware/install/image_diagnostics:/autoware/install/gyro_odometer:/autoware/install/grid_map_utils:/autoware/install/goal_distance_calculator:/autoware/install/front_vehicle_velocity_estimator:/autoware/install/ekf_localizer:/autoware/install/dummy_diag_publisher:/autoware/install/crosswalk_traffic_light_estimator:/autoware/install/tier4_autoware_utils:/autoware/install/stop_filter:/autoware/install/pose2twist:/autoware/install/gnss_poser:/autoware/install/tier4_debug_msgs:/autoware/install/tier4_datetime_rviz_plugin:/autoware/install/tier4_control_msgs:/autoware/install/tier4_automatic_goal_rviz_plugin:/autoware/install/signal_processing:/autoware/install/shift_decider:/autoware/install/radar_threshold_filter:/autoware/install/radar_scan_to_pointcloud2:/autoware/install/polar_grid:/autoware/install/pointcloud_to_laserscan:/autoware/install/osqp_interface:/autoware/install/object_range_splitter:/autoware/install/ndt_omp:/autoware/install/mussp:/autoware/install/morai_msgs:/autoware/install/map_tf_generator:/autoware/install/map_height_fitter:/autoware/install/localization_error_monitor:/autoware/install/livox_tag_filter:/autoware/install/lanelet2_map_preprocessor:/autoware/install/lanelet2_extension:/autoware/install/kalman_filter:/autoware/install/individual_params:/autoware/install/image_transport_decompressor:/autoware/install/geo_pos_conv:/autoware/install/fake_test_node:/autoware/install/component_interface_specs:/autoware/install/bluetooth_monitor:/autoware/install/bag_time_manager_rviz_plugin:/autoware/install/autoware_utils:/autoware/install/autoware_testing:/autoware/install/autoware_sensing_msgs:/autoware/install/autoware_point_types:/autoware/install/autoware_planning_msgs:/autoware/install/autoware_perception_msgs:/autoware/install/autoware_map_msgs:/autoware/install/autoware_localization_msgs:/autoware/install/autoware_lint_common:/autoware/install/autoware_control_msgs:/autoware/install/autoware_common_msgs:/autoware/install/autoware_cmake:/autoware/install/autoware_auto_msgs:/autoware/install/autoware_auto_geometry:/autoware/install/autoware_auto_vehicle_msgs:/autoware/install/autoware_auto_tf2:/autoware/install/autoware_auto_system_msgs:/autoware/install/autoware_auto_planning_msgs:/autoware/install/autoware_auto_perception_rviz_plugin:/autoware/install/autoware_auto_perception_msgs:/autoware/install/autoware_auto_mapping_msgs:/autoware/install/autoware_auto_geometry_msgs:/autoware/install/autoware_auto_control_msgs:/autoware/install/autoware_auto_common:/autoware/install/autoware_adapi_version_msgs:/autoware/install/autoware_adapi_v1_msgs:/autoware/install/autoware_ad_api_specs:/autoware/install/simulator_compatibility_test:/autoware/install/ad_api_visualizers:/opt/ros/humble')]), 'shell': False}
[0.099685] (-) TimerEvent: {}
[0.200080] (-) TimerEvent: {}
[0.291483] (closest_point_finder) StdoutLine: {'line': b'-- The C compiler identification is GNU 11.4.0\n'}
[0.300248] (-) TimerEvent: {}
[0.400777] (-) TimerEvent: {}
[0.456603] (closest_point_finder) StdoutLine: {'line': b'-- The CXX compiler identification is GNU 11.4.0\n'}
[0.477499] (closest_point_finder) StdoutLine: {'line': b'-- Detecting C compiler ABI info\n'}
[0.500900] (-) TimerEvent: {}
[0.601336] (-) TimerEvent: {}
[0.701844] (-) TimerEvent: {}
[0.793682] (closest_point_finder) StdoutLine: {'line': b'-- Detecting C compiler ABI info - done\n'}
[0.801972] (-) TimerEvent: {}
[0.810968] (closest_point_finder) StdoutLine: {'line': b'-- Check for working C compiler: /usr/bin/cc - skipped\n'}
[0.811627] (closest_point_finder) StdoutLine: {'line': b'-- Detecting C compile features\n'}
[0.812764] (closest_point_finder) StdoutLine: {'line': b'-- Detecting C compile features - done\n'}
[0.820299] (closest_point_finder) StdoutLine: {'line': b'-- Detecting CXX compiler ABI info\n'}
[0.902111] (-) TimerEvent: {}
[1.002531] (-) TimerEvent: {}
[1.102973] (-) TimerEvent: {}
[1.162053] (closest_point_finder) StdoutLine: {'line': b'-- Detecting CXX compiler ABI info - done\n'}
[1.183276] (closest_point_finder) StdoutLine: {'line': b'-- Check for working CXX compiler: /usr/bin/c++ - skipped\n'}
[1.183948] (closest_point_finder) StdoutLine: {'line': b'-- Detecting CXX compile features\n'}
[1.185293] (closest_point_finder) StdoutLine: {'line': b'-- Detecting CXX compile features - done\n'}
[1.203070] (-) TimerEvent: {}
[1.217264] (closest_point_finder) StdoutLine: {'line': b'-- Found autoware_cmake: 0.1.0 (/autoware/install/autoware_cmake/share/autoware_cmake/cmake)\n'}
[1.303224] (-) TimerEvent: {}
[1.403646] (-) TimerEvent: {}
[1.504092] (-) TimerEvent: {}
[1.604571] (-) TimerEvent: {}
[1.650517] (closest_point_finder) StdoutLine: {'line': b'-- Found Python3: /usr/bin/python3 (found version "3.10.12") found components: Interpreter \n'}
[1.704716] (-) TimerEvent: {}
[1.765325] (closest_point_finder) StdoutLine: {'line': b'-- Override CMake install command with custom implementation using symlinks instead of copying resources\n'}
[1.804861] (-) TimerEvent: {}
[1.905292] (-) TimerEvent: {}
[2.005698] (-) TimerEvent: {}
[2.106038] (-) TimerEvent: {}
[2.206429] (-) TimerEvent: {}
[2.306797] (-) TimerEvent: {}
[2.407193] (-) TimerEvent: {}
[2.472502] (closest_point_finder) StdoutLine: {'line': b'-- Found rosidl_generator_c: 3.1.5 (/opt/ros/humble/share/rosidl_generator_c/cmake)\n'}
[2.507331] (-) TimerEvent: {}
[2.511080] (closest_point_finder) StdoutLine: {'line': b'-- Found rosidl_adapter: 3.1.5 (/opt/ros/humble/share/rosidl_adapter/cmake)\n'}
[2.554765] (closest_point_finder) StdoutLine: {'line': b'-- Found rosidl_generator_cpp: 3.1.5 (/opt/ros/humble/share/rosidl_generator_cpp/cmake)\n'}
[2.607426] (-) TimerEvent: {}
[2.614159] (closest_point_finder) StdoutLine: {'line': b'-- Using all available rosidl_typesupport_c: rosidl_typesupport_fastrtps_c;rosidl_typesupport_introspection_c\n'}
[2.697698] (closest_point_finder) StdoutLine: {'line': b'-- Using all available rosidl_typesupport_cpp: rosidl_typesupport_fastrtps_cpp;rosidl_typesupport_introspection_cpp\n'}
[2.707510] (-) TimerEvent: {}
[2.807806] (-) TimerEvent: {}
[2.908184] (-) TimerEvent: {}
[2.955303] (closest_point_finder) StdoutLine: {'line': b'-- Found rmw_implementation_cmake: 6.1.1 (/opt/ros/humble/share/rmw_implementation_cmake/cmake)\n'}
[2.988085] (closest_point_finder) StdoutLine: {'line': b'-- Found rmw_cyclonedds_cpp: 1.3.4 (/opt/ros/humble/share/rmw_cyclonedds_cpp/cmake)\n'}
[3.008269] (-) TimerEvent: {}
[3.108568] (-) TimerEvent: {}
[3.137612] (closest_point_finder) StdoutLine: {'line': b"-- Using RMW implementation 'rmw_cyclonedds_cpp' as default\n"}
[3.198208] (closest_point_finder) StdoutLine: {'line': b'-- Looking for pthread.h\n'}
[3.208620] (-) TimerEvent: {}
[3.308895] (-) TimerEvent: {}
[3.409385] (-) TimerEvent: {}
[3.500311] (closest_point_finder) StdoutLine: {'line': b'-- Looking for pthread.h - found\n'}
[3.500641] (closest_point_finder) StdoutLine: {'line': b'-- Performing Test CMAKE_HAVE_LIBC_PTHREAD\n'}
[3.509480] (-) TimerEvent: {}
[3.609864] (-) TimerEvent: {}
[3.710255] (-) TimerEvent: {}
[3.810695] (-) TimerEvent: {}
[3.820571] (closest_point_finder) StdoutLine: {'line': b'-- Performing Test CMAKE_HAVE_LIBC_PTHREAD - Success\n'}
[3.822961] (closest_point_finder) StdoutLine: {'line': b'-- Found Threads: TRUE  \n'}
[3.910812] (-) TimerEvent: {}
[4.011148] (-) TimerEvent: {}
[4.111470] (-) TimerEvent: {}
[4.211845] (-) TimerEvent: {}
[4.312163] (-) TimerEvent: {}
[4.412467] (-) TimerEvent: {}
[4.512793] (-) TimerEvent: {}
[4.613130] (-) TimerEvent: {}
[4.713442] (-) TimerEvent: {}
[4.813776] (-) TimerEvent: {}
[4.914143] (-) TimerEvent: {}
[5.014455] (-) TimerEvent: {}
[5.114834] (-) TimerEvent: {}
[5.215209] (-) TimerEvent: {}
[5.315551] (-) TimerEvent: {}
[5.415899] (-) TimerEvent: {}
[5.516250] (-) TimerEvent: {}
[5.616612] (-) TimerEvent: {}
[5.685649] (closest_point_finder) StdoutLine: {'line': b'-- Found eigen3_cmake_module: 0.1.1 (/opt/ros/humble/share/eigen3_cmake_module/cmake)\n'}
[5.686926] (closest_point_finder) StdoutLine: {'line': b'-- Found Eigen3: TRUE (found version "3.4.0") \n'}
[5.687033] (closest_point_finder) StdoutLine: {'line': b'-- Ensuring Eigen3 include directory is part of orocos-kdl CMake target\n'}
[5.716685] (-) TimerEvent: {}
[5.816967] (-) TimerEvent: {}
[5.917377] (-) TimerEvent: {}
[6.017752] (-) TimerEvent: {}
[6.118112] (-) TimerEvent: {}
[6.218456] (-) TimerEvent: {}
[6.318806] (-) TimerEvent: {}
[6.419183] (-) TimerEvent: {}
[6.519584] (-) TimerEvent: {}
[6.619984] (-) TimerEvent: {}
[6.720414] (-) TimerEvent: {}
[6.820821] (-) TimerEvent: {}
[6.921226] (-) TimerEvent: {}
[7.021609] (-) TimerEvent: {}
[7.121982] (-) TimerEvent: {}
[7.222401] (-) TimerEvent: {}
[7.322779] (-) TimerEvent: {}
[7.423146] (-) TimerEvent: {}
[7.473183] (closest_point_finder) StdoutLine: {'line': b'-- Found ament_lint_auto: 0.12.10 (/opt/ros/humble/share/ament_lint_auto/cmake)\n'}
[7.523261] (-) TimerEvent: {}
[7.623637] (-) TimerEvent: {}
[7.724046] (-) TimerEvent: {}
[7.824432] (-) TimerEvent: {}
[7.924788] (-) TimerEvent: {}
[8.025143] (-) TimerEvent: {}
[8.125539] (-) TimerEvent: {}
[8.225915] (-) TimerEvent: {}
[8.326247] (-) TimerEvent: {}
[8.426587] (-) TimerEvent: {}
[8.526934] (-) TimerEvent: {}
[8.627271] (-) TimerEvent: {}
[8.727630] (-) TimerEvent: {}
[8.827980] (-) TimerEvent: {}
[8.928327] (-) TimerEvent: {}
[9.028663] (-) TimerEvent: {}
[9.129016] (-) TimerEvent: {}
[9.229387] (-) TimerEvent: {}
[9.329727] (-) TimerEvent: {}
[9.430063] (-) TimerEvent: {}
[9.530416] (-) TimerEvent: {}
[9.630769] (-) TimerEvent: {}
[9.731153] (-) TimerEvent: {}
[9.831502] (-) TimerEvent: {}
[9.931852] (-) TimerEvent: {}
[10.032198] (-) TimerEvent: {}
[10.132525] (-) TimerEvent: {}
[10.232853] (-) TimerEvent: {}
[10.333192] (-) TimerEvent: {}
[10.433554] (-) TimerEvent: {}
[10.533882] (-) TimerEvent: {}
[10.634228] (-) TimerEvent: {}
[10.734597] (-) TimerEvent: {}
[10.834935] (-) TimerEvent: {}
[10.935301] (-) TimerEvent: {}
[11.035671] (-) TimerEvent: {}
[11.136043] (-) TimerEvent: {}
[11.236397] (-) TimerEvent: {}
[11.336753] (-) TimerEvent: {}
[11.437089] (-) TimerEvent: {}
[11.537420] (-) TimerEvent: {}
[11.637764] (-) TimerEvent: {}
[11.738087] (-) TimerEvent: {}
[11.838434] (-) TimerEvent: {}
[11.938761] (-) TimerEvent: {}
[11.977019] (closest_point_finder) StdoutLine: {'line': b"-- Added test 'copyright' to check source files copyright and LICENSE\n"}
[11.981144] (closest_point_finder) StdoutLine: {'line': b"-- Added test 'cppcheck' to perform static code analysis on C / C++ code\n"}
[11.981373] (closest_point_finder) StdoutLine: {'line': b'-- Configured cppcheck include dirs: /aichallenge/workspace/src/aichallenge_submit/closest_point_finder/include\n'}
[11.981465] (closest_point_finder) StdoutLine: {'line': b'-- Configured cppcheck exclude dirs and/or files: \n'}
[11.985260] (closest_point_finder) StdoutLine: {'line': b"-- Added test 'cpplint' to check C / C++ code against the Google style\n"}
[11.985321] (closest_point_finder) StdoutLine: {'line': b'-- Configured cpplint exclude dirs and/or files: \n'}
[11.988611] (closest_point_finder) StdoutLine: {'line': b"-- Added test 'lint_cmake' to check CMake code style\n"}
[11.992276] (closest_point_finder) StdoutLine: {'line': b"-- Added test 'uncrustify' to check C / C++ code style\n"}
[11.992343] (closest_point_finder) StdoutLine: {'line': b'-- Configured uncrustify additional arguments: \n'}
[11.995498] (closest_point_finder) StdoutLine: {'line': b"-- Added test 'xmllint' to check XML markup files\n"}
[12.002306] (closest_point_finder) StdoutLine: {'line': b'-- Configuring done\n'}
[12.038894] (-) TimerEvent: {}
[12.044213] (closest_point_finder) StdoutLine: {'line': b'-- Generating done\n'}
[12.046056] (closest_point_finder) StdoutLine: {'line': b'-- Build files have been written to: /aichallenge/build/closest_point_finder\n'}
[12.057904] (closest_point_finder) CommandEnded: {'returncode': 0}
[12.058648] (closest_point_finder) JobProgress: {'identifier': 'closest_point_finder', 'progress': 'build'}
[12.059408] (closest_point_finder) Command: {'cmd': ['/usr/bin/cmake', '--build', '/aichallenge/build/closest_point_finder', '--', '-j8', '-l8'], 'cwd': '/aichallenge/build/closest_point_finder', 'env': OrderedDict([('HOSTNAME', 'SurfaceLT4'), ('SHLVL', '1'), ('LD_LIBRARY_PATH', '/autoware/install/vehicle_cmd_gate/lib:/autoware/install/trajectory_follower_node/lib:/autoware/install/pure_pursuit/lib:/autoware/install/pid_longitudinal_controller/lib:/autoware/install/mpc_lateral_controller/lib:/autoware/install/trajectory_follower_base/lib:/autoware/install/tier4_planning_rviz_plugin/lib:/autoware/install/tier4_localization_rviz_plugin/lib:/autoware/install/surround_obstacle_checker/lib:/autoware/install/steer_offset_estimator/lib:/autoware/install/static_centerline_optimizer/lib:/autoware/install/simple_planning_simulator/lib:/autoware/install/planning_validator/lib:/autoware/install/operation_mode_transition_manager/lib:/autoware/install/obstacle_velocity_limiter/lib:/autoware/install/obstacle_stop_planner/lib:/autoware/install/obstacle_cruise_planner/lib:/autoware/install/obstacle_collision_checker/lib:/autoware/install/obstacle_avoidance_planner/lib:/autoware/install/behavior_velocity_planner/lib:/autoware/install/motion_velocity_smoother/lib:/autoware/install/mission_planner/lib:/autoware/install/behavior_path_planner/lib:/autoware/install/lane_departure_checker/lib:/autoware/install/ground_segmentation/lib:/autoware/install/control_performance_analysis/lib:/autoware/install/freespace_planner/lib:/autoware/install/freespace_planning_algorithms/lib:/autoware/install/vehicle_info_util/lib:/autoware/install/tvm_utility/lib:/autoware/install/traffic_light_visualization/lib:/autoware/install/traffic_light_selector/lib:/autoware/install/traffic_light_map_based_detector/lib:/autoware/install/traffic_light_classifier/lib:/autoware/install/component_state_monitor/lib:/autoware/install/topic_state_monitor/lib:/autoware/install/time_utils/lib:/autoware/install/tier4_vehicle_rviz_plugin/lib:/autoware/install/tier4_calibration_rviz_plugin/lib:/autoware/install/external_cmd_selector/lib:/autoware/install/autoware_iv_internal_api_adaptor/lib:/autoware/install/autoware_iv_external_api_adaptor/lib:/autoware/install/external_cmd_converter/lib:/autoware/install/raw_vehicle_cmd_converter/lib:/autoware/install/tier4_vehicle_msgs/lib:/autoware/install/dummy_infrastructure/lib:/autoware/install/tier4_v2x_msgs/lib:/autoware/install/tier4_traffic_light_rviz_plugin/lib:/autoware/install/tier4_api_msgs/lib:/autoware/install/mrm_emergency_stop_operator/lib:/autoware/install/mrm_comfortable_stop_operator/lib:/autoware/install/default_ad_api/lib:/autoware/install/tier4_system_msgs/lib:/autoware/install/tier4_state_rviz_plugin/lib:/autoware/install/fault_injection/lib:/autoware/install/diagnostic_converter/lib:/autoware/install/tier4_simulation_msgs/lib:/autoware/install/tier4_simulated_clock_rviz_plugin/lib:/autoware/install/tier4_screen_capture_rviz_plugin/lib:/autoware/install/rtc_replayer/lib:/autoware/install/rtc_manager_rviz_plugin/lib:/autoware/install/rtc_interface/lib:/autoware/install/rtc_auto_mode_manager/lib:/autoware/install/tier4_rtc_msgs/lib:/autoware/install/scenario_selector/lib:/autoware/install/planning_debug_tools/lib:/autoware/install/external_velocity_limit_selector/lib:/autoware/install/costmap_generator/lib:/autoware/install/tier4_planning_msgs/lib:/autoware/install/tier4_perception_rviz_plugin/lib:/autoware/install/detection_by_tracker/lib:/autoware/install/shape_estimation/lib:/autoware/install/object_merger/lib:/autoware/install/multi_object_tracker/lib:/autoware/install/image_projection_based_fusion/lib:/autoware/install/euclidean_cluster/lib:/autoware/install/dummy_perception_publisher/lib:/autoware/install/detected_object_validation/lib:/autoware/install/detected_object_feature_remover/lib:/autoware/install/tier4_perception_msgs/lib:/autoware/install/occupancy_grid_map_outlier_filter/lib:/autoware/install/compare_map_segmentation/lib:/autoware/install/pointcloud_preprocessor/lib:/autoware/install/tier4_pcl_extensions/lib:/autoware/install/initial_pose_button_panel/lib:/autoware/install/tier4_localization_msgs/lib:/autoware/install/tier4_hmi_msgs/lib:/autoware/install/tier4_control_rviz_plugin/lib:/autoware/install/joy_controller/lib:/autoware/install/system_monitor/lib:/autoware/install/elevation_map_loader/lib:/autoware/install/autoware_external_api_msgs/lib:/autoware/install/tier4_external_api_msgs/lib:/autoware/install/tier4_debug_tools/lib:/autoware/install/tier4_debug_rviz_plugin/lib:/autoware/install/route_handler/lib:/autoware/install/radar_tracks_msgs_converter/lib:/autoware/install/radar_static_pointcloud_filter/lib:/autoware/install/radar_fusion_to_detected_object/lib:/autoware/install/probabilistic_occupancy_grid_map/lib:/autoware/install/planning_evaluator/lib:/autoware/install/heatmap_visualizer/lib:/autoware/install/perception_utils/lib:/autoware/install/path_distance_calculator/lib:/autoware/install/map_based_prediction/lib:/autoware/install/motion_utils/lib:/autoware/install/map_loader/lib:/autoware/install/localization_evaluator/lib:/autoware/install/kinematic_evaluator/lib:/autoware/install/interpolation/lib:/autoware/install/imu_corrector/lib:/autoware/install/image_diagnostics/lib:/autoware/install/gyro_odometer/lib:/autoware/install/grid_map_utils/lib:/autoware/install/goal_distance_calculator/lib:/autoware/install/front_vehicle_velocity_estimator/lib:/autoware/install/ekf_localizer/lib:/autoware/install/crosswalk_traffic_light_estimator/lib:/autoware/install/tier4_autoware_utils/lib:/autoware/install/gnss_poser/lib:/autoware/install/tier4_debug_msgs/lib:/autoware/install/tier4_datetime_rviz_plugin/lib:/autoware/install/tier4_control_msgs/lib:/autoware/install/tier4_automatic_goal_rviz_plugin/lib:/autoware/install/signal_processing/lib:/autoware/install/shift_decider/lib:/autoware/install/radar_threshold_filter/lib:/autoware/install/radar_scan_to_pointcloud2/lib:/autoware/install/polar_grid/lib:/autoware/install/pointcloud_to_laserscan/lib:/autoware/install/osqp_interface/lib:/autoware/install/object_range_splitter/lib:/autoware/install/ndt_omp/lib:/autoware/install/mussp/lib:/autoware/install/morai_msgs/lib:/autoware/install/map_tf_generator/lib:/autoware/install/map_height_fitter/lib:/autoware/install/livox_tag_filter/lib:/autoware/install/lanelet2_extension/lib:/autoware/install/kalman_filter/lib:/autoware/install/image_transport_decompressor/lib:/autoware/install/geo_pos_conv/lib:/autoware/install/fake_test_node/lib:/autoware/install/bluetooth_monitor/lib:/autoware/install/bag_time_manager_rviz_plugin/lib:/autoware/install/autoware_utils/lib:/autoware/install/autoware_sensing_msgs/lib:/autoware/install/autoware_planning_msgs/lib:/autoware/install/autoware_perception_msgs/lib:/autoware/install/autoware_map_msgs/lib:/autoware/install/autoware_localization_msgs/lib:/autoware/install/autoware_control_msgs/lib:/autoware/install/autoware_common_msgs/lib:/autoware/install/autoware_auto_geometry/lib:/autoware/install/autoware_auto_vehicle_msgs/lib:/autoware/install/autoware_auto_system_msgs/lib:/autoware/install/autoware_auto_planning_msgs/lib:/autoware/install/autoware_auto_perception_rviz_plugin/lib:/autoware/install/autoware_auto_perception_msgs/lib:/autoware/install/autoware_auto_mapping_msgs/lib:/autoware/install/autoware_auto_geometry_msgs/lib:/autoware/install/autoware_auto_control_msgs/lib:/autoware/install/autoware_adapi_version_msgs/lib:/autoware/install/autoware_adapi_v1_msgs/lib:/opt/ros/humble/opt/rviz_ogre_vendor/lib:/opt/ros/humble/lib/x86_64-linux-gnu:/opt/ros/humble/lib'), ('HOME', '/home/rinnosuke'), ('CYCLONEDDS_URI', 'file:///opt/autoware/cyclonedds.xml'), ('OLDPWD', '/'), ('ROS_PYTHON_VERSION', '3'), ('LC_CTYPE', 'C.UTF-8'), ('COLCON_PREFIX_PATH', '/autoware/install'), ('ROS_DISTRO', 'humble'), ('_', '/usr/bin/colcon'), ('ROS_VERSION', '2'), ('TERM', 'xterm-256color'), ('ROS_LOCALHOST_ONLY', '0'), ('QT_X11_NO_MITSHM', '1'), ('PATH', '/opt/ros/humble/bin:/usr/local/sbin:/usr/local/bin:/usr/sbin:/usr/bin:/sbin:/bin'), ('XDG_RUNTIME_DIR', '/tmp/xdg'), ('DISPLAY', ':0'), ('RMW_IMPLEMENTATION', 'rmw_cyclonedds_cpp'), ('XAUTHORITY', '/tmp/.dockertju5hk0i.xauth'), ('LS_COLORS', 'rs=0:di=01;34:ln=01;36:mh=00:pi=40;33:so=01;35:do=01;35:bd=40;33;01:cd=40;33;01:or=40;31;01:mi=00:su=37;41:sg=30;43:ca=30;41:tw=30;42:ow=34;42:st=37;44:ex=01;32:*.tar=01;31:*.tgz=01;31:*.arc=01;31:*.arj=01;31:*.taz=01;31:*.lha=01;31:*.lz4=01;31:*.lzh=01;31:*.lzma=01;31:*.tlz=01;31:*.txz=01;31:*.tzo=01;31:*.t7z=01;31:*.zip=01;31:*.z=01;31:*.dz=01;31:*.gz=01;31:*.lrz=01;31:*.lz=01;31:*.lzo=01;31:*.xz=01;31:*.zst=01;31:*.tzst=01;31:*.bz2=01;31:*.bz=01;31:*.tbz=01;31:*.tbz2=01;31:*.tz=01;31:*.deb=01;31:*.rpm=01;31:*.jar=01;31:*.war=01;31:*.ear=01;31:*.sar=01;31:*.rar=01;31:*.alz=01;31:*.ace=01;31:*.zoo=01;31:*.cpio=01;31:*.7z=01;31:*.rz=01;31:*.cab=01;31:*.wim=01;31:*.swm=01;31:*.dwm=01;31:*.esd=01;31:*.jpg=01;35:*.jpeg=01;35:*.mjpg=01;35:*.mjpeg=01;35:*.gif=01;35:*.bmp=01;35:*.pbm=01;35:*.pgm=01;35:*.ppm=01;35:*.tga=01;35:*.xbm=01;35:*.xpm=01;35:*.tif=01;35:*.tiff=01;35:*.png=01;35:*.svg=01;35:*.svgz=01;35:*.mng=01;35:*.pcx=01;35:*.mov=01;35:*.mpg=01;35:*.mpeg=01;35:*.m2v=01;35:*.mkv=01;35:*.webm=01;35:*.webp=01;35:*.ogm=01;35:*.mp4=01;35:*.m4v=01;35:*.mp4v=01;35:*.vob=01;35:*.qt=01;35:*.nuv=01;35:*.wmv=01;35:*.asf=01;35:*.rm=01;35:*.rmvb=01;35:*.flc=01;35:*.avi=01;35:*.fli=01;35:*.flv=01;35:*.gl=01;35:*.dl=01;35:*.xcf=01;35:*.xwd=01;35:*.yuv=01;35:*.cgm=01;35:*.emf=01;35:*.ogv=01;35:*.ogx=01;35:*.aac=00;36:*.au=00;36:*.flac=00;36:*.m4a=00;36:*.mid=00;36:*.midi=00;36:*.mka=00;36:*.mp3=00;36:*.mpc=00;36:*.ogg=00;36:*.ra=00;36:*.wav=00;36:*.oga=00;36:*.opus=00;36:*.spx=00;36:*.xspf=00;36:'), ('AMENT_PREFIX_PATH', '/autoware/install/velodyne_monitor:/autoware/install/vehicle_velocity_converter:/autoware/install/autoware_launch:/autoware/install/tier4_control_launch:/autoware/install/vehicle_cmd_gate:/autoware/install/trajectory_follower_node:/autoware/install/pure_pursuit:/autoware/install/pid_longitudinal_controller:/autoware/install/mpc_lateral_controller:/autoware/install/trajectory_follower_base:/autoware/install/tier4_simulator_launch:/autoware/install/tier4_sensing_launch:/autoware/install/tier4_planning_rviz_plugin:/autoware/install/tier4_planning_launch:/autoware/install/tier4_perception_launch:/autoware/install/tier4_localization_rviz_plugin:/autoware/install/surround_obstacle_checker:/autoware/install/steer_offset_estimator:/autoware/install/static_centerline_optimizer:/autoware/install/simple_planning_simulator:/autoware/install/planning_validator:/autoware/install/operation_mode_transition_manager:/autoware/install/obstacle_velocity_limiter:/autoware/install/obstacle_stop_planner:/autoware/install/obstacle_cruise_planner:/autoware/install/obstacle_collision_checker:/autoware/install/obstacle_avoidance_planner:/autoware/install/behavior_velocity_planner:/autoware/install/motion_velocity_smoother:/autoware/install/mission_planner:/autoware/install/behavior_path_planner:/autoware/install/lane_departure_checker:/autoware/install/ground_segmentation:/autoware/install/control_performance_analysis:/autoware/install/global_parameter_loader:/autoware/install/freespace_planner:/autoware/install/freespace_planning_algorithms:/autoware/install/vehicle_info_util:/autoware/install/twist2accel:/autoware/install/lidar_centerpoint_tvm:/autoware/install/lidar_apollo_segmentation_tvm_nodes:/autoware/install/lidar_apollo_segmentation_tvm:/autoware/install/tvm_utility:/autoware/install/traffic_light_visualization:/autoware/install/traffic_light_ssd_fine_detector:/autoware/install/traffic_light_selector:/autoware/install/traffic_light_map_based_detector:/autoware/install/traffic_light_classifier:/autoware/install/tier4_system_launch:/autoware/install/component_state_monitor:/autoware/install/topic_state_monitor:/autoware/install/time_utils:/autoware/install/tier4_vehicle_rviz_plugin:/autoware/install/tier4_calibration_rviz_plugin:/autoware/install/tier4_autoware_api_launch:/autoware/install/external_cmd_selector:/autoware/install/awapi_awiv_adapter:/autoware/install/autoware_iv_internal_api_adaptor:/autoware/install/autoware_iv_external_api_adaptor:/autoware/install/tier4_auto_msgs_converter:/autoware/install/external_cmd_converter:/autoware/install/accel_brake_map_calibrator:/autoware/install/raw_vehicle_cmd_converter:/autoware/install/tier4_vehicle_msgs:/autoware/install/tier4_vehicle_launch:/autoware/install/dummy_infrastructure:/autoware/install/tier4_v2x_msgs:/autoware/install/tier4_traffic_light_rviz_plugin:/autoware/install/tier4_localization_launch:/autoware/install/tier4_api_msgs:/autoware/install/pose_initializer:/autoware/install/mrm_emergency_stop_operator:/autoware/install/mrm_comfortable_stop_operator:/autoware/install/emergency_handler:/autoware/install/default_ad_api:/autoware/install/automatic_pose_initializer:/autoware/install/ad_api_adaptors:/autoware/install/component_interface_utils:/autoware/install/component_interface_tools:/autoware/install/tier4_system_msgs:/autoware/install/tier4_state_rviz_plugin:/autoware/install/fault_injection:/autoware/install/diagnostic_converter:/autoware/install/tier4_simulation_msgs:/autoware/install/tier4_simulated_clock_rviz_plugin:/autoware/install/tier4_screen_capture_rviz_plugin:/autoware/install/rtc_replayer:/autoware/install/rtc_manager_rviz_plugin:/autoware/install/rtc_interface:/autoware/install/rtc_auto_mode_manager:/autoware/install/tier4_rtc_msgs:/autoware/install/scenario_selector:/autoware/install/planning_debug_tools:/autoware/install/external_velocity_limit_selector:/autoware/install/costmap_generator:/autoware/install/tier4_planning_msgs:/autoware/install/tier4_perception_rviz_plugin:/autoware/install/tensorrt_yolo:/autoware/install/detection_by_tracker:/autoware/install/shape_estimation:/autoware/install/object_merger:/autoware/install/multi_object_tracker:/autoware/install/lidar_apollo_instance_segmentation:/autoware/install/image_projection_based_fusion:/autoware/install/euclidean_cluster:/autoware/install/dummy_perception_publisher:/autoware/install/detected_object_validation:/autoware/install/detected_object_feature_remover:/autoware/install/tier4_perception_msgs:/autoware/install/occupancy_grid_map_outlier_filter:/autoware/install/compare_map_segmentation:/autoware/install/pointcloud_preprocessor:/autoware/install/tier4_pcl_extensions:/autoware/install/tier4_map_launch:/autoware/install/ndt_scan_matcher:/autoware/install/initial_pose_button_panel:/autoware/install/tier4_localization_msgs:/autoware/install/tier4_hmi_msgs:/autoware/install/tier4_control_rviz_plugin:/autoware/install/joy_controller:/autoware/install/tier4_api_utils:/autoware/install/system_monitor:/autoware/install/elevation_map_loader:/autoware/install/autoware_external_api_msgs:/autoware/install/tier4_external_api_msgs:/autoware/install/tier4_debug_tools:/autoware/install/tier4_debug_rviz_plugin:/autoware/install/system_error_monitor:/autoware/install/route_handler:/autoware/install/radar_tracks_msgs_converter:/autoware/install/radar_static_pointcloud_filter:/autoware/install/radar_fusion_to_detected_object:/autoware/install/probabilistic_occupancy_grid_map:/autoware/install/planning_evaluator:/autoware/install/lidar_centerpoint:/autoware/install/heatmap_visualizer:/autoware/install/perception_utils:/autoware/install/path_distance_calculator:/autoware/install/map_based_prediction:/autoware/install/motion_utils:/autoware/install/map_loader:/autoware/install/localization_evaluator:/autoware/install/kinematic_evaluator:/autoware/install/interpolation:/autoware/install/imu_corrector:/autoware/install/image_diagnostics:/autoware/install/gyro_odometer:/autoware/install/grid_map_utils:/autoware/install/goal_distance_calculator:/autoware/install/front_vehicle_velocity_estimator:/autoware/install/ekf_localizer:/autoware/install/dummy_diag_publisher:/autoware/install/crosswalk_traffic_light_estimator:/autoware/install/tier4_autoware_utils:/autoware/install/stop_filter:/autoware/install/pose2twist:/autoware/install/gnss_poser:/autoware/install/tier4_debug_msgs:/autoware/install/tier4_datetime_rviz_plugin:/autoware/install/tier4_control_msgs:/autoware/install/tier4_automatic_goal_rviz_plugin:/autoware/install/simulator_compatibility_test:/autoware/install/signal_processing:/autoware/install/shift_decider:/autoware/install/radar_threshold_filter:/autoware/install/radar_scan_to_pointcloud2:/autoware/install/polar_grid:/autoware/install/pointcloud_to_laserscan:/autoware/install/osqp_interface:/autoware/install/object_range_splitter:/autoware/install/ndt_omp:/autoware/install/mussp:/autoware/install/morai_msgs:/autoware/install/map_tf_generator:/autoware/install/map_height_fitter:/autoware/install/localization_error_monitor:/autoware/install/livox_tag_filter:/autoware/install/lanelet2_map_preprocessor:/autoware/install/lanelet2_extension:/autoware/install/kalman_filter:/autoware/install/individual_params:/autoware/install/image_transport_decompressor:/autoware/install/geo_pos_conv:/autoware/install/fake_test_node:/autoware/install/component_interface_specs:/autoware/install/bluetooth_monitor:/autoware/install/bag_time_manager_rviz_plugin:/autoware/install/autoware_utils:/autoware/install/autoware_testing:/autoware/install/autoware_sensing_msgs:/autoware/install/autoware_point_types:/autoware/install/autoware_planning_msgs:/autoware/install/autoware_perception_msgs:/autoware/install/autoware_map_msgs:/autoware/install/autoware_localization_msgs:/autoware/install/autoware_lint_common:/autoware/install/autoware_control_msgs:/autoware/install/autoware_common_msgs:/autoware/install/autoware_cmake:/autoware/install/autoware_auto_msgs:/autoware/install/autoware_auto_geometry:/autoware/install/autoware_auto_vehicle_msgs:/autoware/install/autoware_auto_tf2:/autoware/install/autoware_auto_system_msgs:/autoware/install/autoware_auto_planning_msgs:/autoware/install/autoware_auto_perception_rviz_plugin:/autoware/install/autoware_auto_perception_msgs:/autoware/install/autoware_auto_mapping_msgs:/autoware/install/autoware_auto_geometry_msgs:/autoware/install/autoware_auto_control_msgs:/autoware/install/autoware_auto_common:/autoware/install/autoware_adapi_version_msgs:/autoware/install/ad_api_visualizers:/autoware/install/autoware_adapi_v1_msgs:/autoware/install/autoware_ad_api_specs:/opt/ros/humble'), ('PWD', '/aichallenge/build/closest_point_finder'), ('RCUTILS_COLORIZED_OUTPUT', '1'), ('PYTHONPATH', '/autoware/install/static_centerline_optimizer/local/lib/python3.10/dist-packages:/autoware/install/planning_validator/local/lib/python3.10/dist-packages:/autoware/install/operation_mode_transition_manager/local/lib/python3.10/dist-packages:/autoware/install/control_performance_analysis/local/lib/python3.10/dist-packages:/autoware/install/tier4_vehicle_msgs/local/lib/python3.10/dist-packages:/autoware/install/tier4_v2x_msgs/local/lib/python3.10/dist-packages:/autoware/install/tier4_api_msgs/local/lib/python3.10/dist-packages:/autoware/install/tier4_system_msgs/local/lib/python3.10/dist-packages:/autoware/install/tier4_simulation_msgs/local/lib/python3.10/dist-packages:/autoware/install/tier4_rtc_msgs/local/lib/python3.10/dist-packages:/autoware/install/planning_debug_tools/local/lib/python3.10/dist-packages:/autoware/install/tier4_planning_msgs/local/lib/python3.10/dist-packages:/autoware/install/dummy_perception_publisher/local/lib/python3.10/dist-packages:/autoware/install/tier4_perception_msgs/local/lib/python3.10/dist-packages:/autoware/install/tier4_localization_msgs/local/lib/python3.10/dist-packages:/autoware/install/tier4_hmi_msgs/local/lib/python3.10/dist-packages:/autoware/install/autoware_external_api_msgs/local/lib/python3.10/dist-packages:/autoware/install/tier4_external_api_msgs/local/lib/python3.10/dist-packages:/autoware/install/tier4_debug_msgs/local/lib/python3.10/dist-packages:/autoware/install/tier4_control_msgs/local/lib/python3.10/dist-packages:/autoware/install/simulator_compatibility_test/lib/python3.10/site-packages:/autoware/install/morai_msgs/local/lib/python3.10/dist-packages:/autoware/install/autoware_sensing_msgs/local/lib/python3.10/dist-packages:/autoware/install/autoware_planning_msgs/local/lib/python3.10/dist-packages:/autoware/install/autoware_perception_msgs/local/lib/python3.10/dist-packages:/autoware/install/autoware_map_msgs/local/lib/python3.10/dist-packages:/autoware/install/autoware_localization_msgs/local/lib/python3.10/dist-packages:/autoware/install/autoware_control_msgs/local/lib/python3.10/dist-packages:/autoware/install/autoware_common_msgs/local/lib/python3.10/dist-packages:/autoware/install/autoware_auto_vehicle_msgs/local/lib/python3.10/dist-packages:/autoware/install/autoware_auto_system_msgs/local/lib/python3.10/dist-packages:/autoware/install/autoware_auto_planning_msgs/local/lib/python3.10/dist-packages:/autoware/install/autoware_auto_perception_msgs/local/lib/python3.10/dist-packages:/autoware/install/autoware_auto_mapping_msgs/local/lib/python3.10/dist-packages:/autoware/install/autoware_auto_geometry_msgs/local/lib/python3.10/dist-packages:/autoware/install/autoware_auto_control_msgs/local/lib/python3.10/dist-packages:/autoware/install/autoware_adapi_version_msgs/local/lib/python3.10/dist-packages:/autoware/install/ad_api_visualizers/lib/python3.10/site-packages:/autoware/install/autoware_adapi_v1_msgs/local/lib/python3.10/dist-packages:/opt/ros/humble/lib/python3.10/site-packages:/opt/ros/humble/local/lib/python3.10/dist-packages'), ('COLCON', '1'), ('CMAKE_PREFIX_PATH', '/autoware/install/velodyne_monitor:/autoware/install/vehicle_velocity_converter:/autoware/install/autoware_launch:/autoware/install/tier4_control_launch:/autoware/install/vehicle_cmd_gate:/autoware/install/trajectory_follower_node:/autoware/install/pure_pursuit:/autoware/install/pid_longitudinal_controller:/autoware/install/mpc_lateral_controller:/autoware/install/trajectory_follower_base:/autoware/install/tier4_simulator_launch:/autoware/install/tier4_sensing_launch:/autoware/install/tier4_planning_rviz_plugin:/autoware/install/tier4_planning_launch:/autoware/install/tier4_perception_launch:/autoware/install/tier4_localization_rviz_plugin:/autoware/install/surround_obstacle_checker:/autoware/install/steer_offset_estimator:/autoware/install/static_centerline_optimizer:/autoware/install/simple_planning_simulator:/autoware/install/planning_validator:/autoware/install/operation_mode_transition_manager:/autoware/install/obstacle_velocity_limiter:/autoware/install/obstacle_stop_planner:/autoware/install/obstacle_cruise_planner:/autoware/install/obstacle_collision_checker:/autoware/install/obstacle_avoidance_planner:/autoware/install/behavior_velocity_planner:/autoware/install/motion_velocity_smoother:/autoware/install/mission_planner:/autoware/install/behavior_path_planner:/autoware/install/lane_departure_checker:/autoware/install/ground_segmentation:/autoware/install/control_performance_analysis:/autoware/install/global_parameter_loader:/autoware/install/freespace_planner:/autoware/install/freespace_planning_algorithms:/autoware/install/vehicle_info_util:/autoware/install/twist2accel:/autoware/install/lidar_centerpoint_tvm:/autoware/install/lidar_apollo_segmentation_tvm_nodes:/autoware/install/lidar_apollo_segmentation_tvm:/autoware/install/tvm_utility:/autoware/install/traffic_light_visualization:/autoware/install/traffic_light_ssd_fine_detector:/autoware/install/traffic_light_selector:/autoware/install/traffic_light_map_based_detector:/autoware/install/traffic_light_classifier:/autoware/install/tier4_system_launch:/autoware/install/component_state_monitor:/autoware/install/topic_state_monitor:/autoware/install/time_utils:/autoware/install/tier4_vehicle_rviz_plugin:/autoware/install/tier4_calibration_rviz_plugin:/autoware/install/tier4_autoware_api_launch:/autoware/install/external_cmd_selector:/autoware/install/awapi_awiv_adapter:/autoware/install/autoware_iv_internal_api_adaptor:/autoware/install/autoware_iv_external_api_adaptor:/autoware/install/tier4_auto_msgs_converter:/autoware/install/external_cmd_converter:/autoware/install/accel_brake_map_calibrator:/autoware/install/raw_vehicle_cmd_converter:/autoware/install/tier4_vehicle_msgs:/autoware/install/tier4_vehicle_launch:/autoware/install/dummy_infrastructure:/autoware/install/tier4_v2x_msgs:/autoware/install/tier4_traffic_light_rviz_plugin:/autoware/install/tier4_localization_launch:/autoware/install/tier4_api_msgs:/autoware/install/pose_initializer:/autoware/install/mrm_emergency_stop_operator:/autoware/install/mrm_comfortable_stop_operator:/autoware/install/emergency_handler:/autoware/install/default_ad_api:/autoware/install/automatic_pose_initializer:/autoware/install/ad_api_adaptors:/autoware/install/component_interface_utils:/autoware/install/component_interface_tools:/autoware/install/tier4_system_msgs:/autoware/install/tier4_state_rviz_plugin:/autoware/install/fault_injection:/autoware/install/diagnostic_converter:/autoware/install/tier4_simulation_msgs:/autoware/install/tier4_simulated_clock_rviz_plugin:/autoware/install/tier4_screen_capture_rviz_plugin:/autoware/install/rtc_replayer:/autoware/install/rtc_manager_rviz_plugin:/autoware/install/rtc_interface:/autoware/install/rtc_auto_mode_manager:/autoware/install/tier4_rtc_msgs:/autoware/install/scenario_selector:/autoware/install/planning_debug_tools:/autoware/install/external_velocity_limit_selector:/autoware/install/costmap_generator:/autoware/install/tier4_planning_msgs:/autoware/install/tier4_perception_rviz_plugin:/autoware/install/tensorrt_yolo:/autoware/install/detection_by_tracker:/autoware/install/shape_estimation:/autoware/install/object_merger:/autoware/install/multi_object_tracker:/autoware/install/lidar_apollo_instance_segmentation:/autoware/install/image_projection_based_fusion:/autoware/install/euclidean_cluster:/autoware/install/dummy_perception_publisher:/autoware/install/detected_object_validation:/autoware/install/detected_object_feature_remover:/autoware/install/tier4_perception_msgs:/autoware/install/occupancy_grid_map_outlier_filter:/autoware/install/compare_map_segmentation:/autoware/install/pointcloud_preprocessor:/autoware/install/tier4_pcl_extensions:/autoware/install/tier4_map_launch:/autoware/install/ndt_scan_matcher:/autoware/install/initial_pose_button_panel:/autoware/install/tier4_localization_msgs:/autoware/install/tier4_hmi_msgs:/autoware/install/tier4_control_rviz_plugin:/autoware/install/joy_controller:/autoware/install/tier4_api_utils:/autoware/install/system_monitor:/autoware/install/elevation_map_loader:/autoware/install/autoware_external_api_msgs:/autoware/install/tier4_external_api_msgs:/autoware/install/tier4_debug_tools:/autoware/install/tier4_debug_rviz_plugin:/autoware/install/system_error_monitor:/autoware/install/route_handler:/autoware/install/radar_tracks_msgs_converter:/autoware/install/radar_static_pointcloud_filter:/autoware/install/radar_fusion_to_detected_object:/autoware/install/probabilistic_occupancy_grid_map:/autoware/install/planning_evaluator:/autoware/install/lidar_centerpoint:/autoware/install/heatmap_visualizer:/autoware/install/perception_utils:/autoware/install/path_distance_calculator:/autoware/install/map_based_prediction:/autoware/install/motion_utils:/autoware/install/map_loader:/autoware/install/localization_evaluator:/autoware/install/kinematic_evaluator:/autoware/install/interpolation:/autoware/install/imu_corrector:/autoware/install/image_diagnostics:/autoware/install/gyro_odometer:/autoware/install/grid_map_utils:/autoware/install/goal_distance_calculator:/autoware/install/front_vehicle_velocity_estimator:/autoware/install/ekf_localizer:/autoware/install/dummy_diag_publisher:/autoware/install/crosswalk_traffic_light_estimator:/autoware/install/tier4_autoware_utils:/autoware/install/stop_filter:/autoware/install/pose2twist:/autoware/install/gnss_poser:/autoware/install/tier4_debug_msgs:/autoware/install/tier4_datetime_rviz_plugin:/autoware/install/tier4_control_msgs:/autoware/install/tier4_automatic_goal_rviz_plugin:/autoware/install/signal_processing:/autoware/install/shift_decider:/autoware/install/radar_threshold_filter:/autoware/install/radar_scan_to_pointcloud2:/autoware/install/polar_grid:/autoware/install/pointcloud_to_laserscan:/autoware/install/osqp_interface:/autoware/install/object_range_splitter:/autoware/install/ndt_omp:/autoware/install/mussp:/autoware/install/morai_msgs:/autoware/install/map_tf_generator:/autoware/install/map_height_fitter:/autoware/install/localization_error_monitor:/autoware/install/livox_tag_filter:/autoware/install/lanelet2_map_preprocessor:/autoware/install/lanelet2_extension:/autoware/install/kalman_filter:/autoware/install/individual_params:/autoware/install/image_transport_decompressor:/autoware/install/geo_pos_conv:/autoware/install/fake_test_node:/autoware/install/component_interface_specs:/autoware/install/bluetooth_monitor:/autoware/install/bag_time_manager_rviz_plugin:/autoware/install/autoware_utils:/autoware/install/autoware_testing:/autoware/install/autoware_sensing_msgs:/autoware/install/autoware_point_types:/autoware/install/autoware_planning_msgs:/autoware/install/autoware_perception_msgs:/autoware/install/autoware_map_msgs:/autoware/install/autoware_localization_msgs:/autoware/install/autoware_lint_common:/autoware/install/autoware_control_msgs:/autoware/install/autoware_common_msgs:/autoware/install/autoware_cmake:/autoware/install/autoware_auto_msgs:/autoware/install/autoware_auto_geometry:/autoware/install/autoware_auto_vehicle_msgs:/autoware/install/autoware_auto_tf2:/autoware/install/autoware_auto_system_msgs:/autoware/install/autoware_auto_planning_msgs:/autoware/install/autoware_auto_perception_rviz_plugin:/autoware/install/autoware_auto_perception_msgs:/autoware/install/autoware_auto_mapping_msgs:/autoware/install/autoware_auto_geometry_msgs:/autoware/install/autoware_auto_control_msgs:/autoware/install/autoware_auto_common:/autoware/install/autoware_adapi_version_msgs:/autoware/install/autoware_adapi_v1_msgs:/autoware/install/autoware_ad_api_specs:/autoware/install/simulator_compatibility_test:/autoware/install/ad_api_visualizers:/opt/ros/humble')]), 'shell': False}
[12.139047] (-) TimerEvent: {}
[12.239526] (-) TimerEvent: {}
[12.299880] (closest_point_finder) StdoutLine: {'line': b'[ 50%] \x1b[32mBuilding CXX object CMakeFiles/closest_point_finder.dir/src/closest_point_finder.cpp.o\x1b[0m\n'}
[12.339661] (-) TimerEvent: {}
[12.440094] (-) TimerEvent: {}
[12.540440] (-) TimerEvent: {}
[12.640768] (-) TimerEvent: {}
[12.741094] (-) TimerEvent: {}
[12.841430] (-) TimerEvent: {}
[12.941770] (-) TimerEvent: {}
[13.042170] (-) TimerEvent: {}
[13.142535] (-) TimerEvent: {}
[13.242907] (-) TimerEvent: {}
[13.343271] (-) TimerEvent: {}
[13.443641] (-) TimerEvent: {}
[13.543988] (-) TimerEvent: {}
[13.644342] (-) TimerEvent: {}
[13.744723] (-) TimerEvent: {}
[13.845092] (-) TimerEvent: {}
[13.945481] (-) TimerEvent: {}
[14.045876] (-) TimerEvent: {}
[14.146300] (-) TimerEvent: {}
[14.246654] (-) TimerEvent: {}
[14.346983] (-) TimerEvent: {}
[14.447327] (-) TimerEvent: {}
[14.547713] (-) TimerEvent: {}
[14.648074] (-) TimerEvent: {}
[14.748454] (-) TimerEvent: {}
[14.848840] (-) TimerEvent: {}
[14.949204] (-) TimerEvent: {}
[15.049561] (-) TimerEvent: {}
[15.149940] (-) TimerEvent: {}
[15.250293] (-) TimerEvent: {}
[15.350680] (-) TimerEvent: {}
[15.451047] (-) TimerEvent: {}
[15.551407] (-) TimerEvent: {}
[15.651768] (-) TimerEvent: {}
[15.752131] (-) TimerEvent: {}
[15.852496] (-) TimerEvent: {}
[15.952854] (-) TimerEvent: {}
[16.053204] (-) TimerEvent: {}
[16.153575] (-) TimerEvent: {}
[16.253916] (-) TimerEvent: {}
[16.354226] (-) TimerEvent: {}
[16.454608] (-) TimerEvent: {}
[16.554960] (-) TimerEvent: {}
[16.655317] (-) TimerEvent: {}
[16.755671] (-) TimerEvent: {}
[16.856034] (-) TimerEvent: {}
[16.956405] (-) TimerEvent: {}
[17.056752] (-) TimerEvent: {}
[17.157146] (-) TimerEvent: {}
[17.257535] (-) TimerEvent: {}
[17.357924] (-) TimerEvent: {}
[17.458297] (-) TimerEvent: {}
[17.558713] (-) TimerEvent: {}
[17.659094] (-) TimerEvent: {}
[17.759463] (-) TimerEvent: {}
[17.859818] (-) TimerEvent: {}
[17.960185] (-) TimerEvent: {}
[18.060606] (-) TimerEvent: {}
[18.160967] (-) TimerEvent: {}
[18.261324] (-) TimerEvent: {}
[18.361689] (-) TimerEvent: {}
[18.462040] (-) TimerEvent: {}
[18.562406] (-) TimerEvent: {}
[18.662772] (-) TimerEvent: {}
[18.763125] (-) TimerEvent: {}
[18.863493] (-) TimerEvent: {}
[18.963864] (-) TimerEvent: {}
[19.064222] (-) TimerEvent: {}
[19.164619] (-) TimerEvent: {}
[19.264987] (-) TimerEvent: {}
[19.365370] (-) TimerEvent: {}
[19.465751] (-) TimerEvent: {}
[19.566128] (-) TimerEvent: {}
[19.666448] (-) TimerEvent: {}
[19.766830] (-) TimerEvent: {}
[19.867197] (-) TimerEvent: {}
[19.967573] (-) TimerEvent: {}
[20.067930] (-) TimerEvent: {}
[20.168291] (-) TimerEvent: {}
[20.268666] (-) TimerEvent: {}
[20.368976] (-) TimerEvent: {}
[20.469287] (-) TimerEvent: {}
[20.569597] (-) TimerEvent: {}
[20.669965] (-) TimerEvent: {}
[20.770472] (-) TimerEvent: {}
[20.870869] (-) TimerEvent: {}
[20.971228] (-) TimerEvent: {}
[21.071607] (-) TimerEvent: {}
[21.171965] (-) TimerEvent: {}
[21.272357] (-) TimerEvent: {}
[21.372830] (-) TimerEvent: {}
[21.473170] (-) TimerEvent: {}
[21.573477] (-) TimerEvent: {}
[21.673794] (-) TimerEvent: {}
[21.774141] (-) TimerEvent: {}
[21.874792] (-) TimerEvent: {}
[21.975173] (-) TimerEvent: {}
[22.075598] (-) TimerEvent: {}
[22.175959] (-) TimerEvent: {}
[22.276337] (-) TimerEvent: {}
[22.376710] (-) TimerEvent: {}
[22.477064] (-) TimerEvent: {}
[22.577422] (-) TimerEvent: {}
[22.677735] (-) TimerEvent: {}
[22.778096] (-) TimerEvent: {}
[22.878448] (-) TimerEvent: {}
[22.978804] (-) TimerEvent: {}
[23.079176] (-) TimerEvent: {}
[23.179554] (-) TimerEvent: {}
[23.279925] (-) TimerEvent: {}
[23.380330] (-) TimerEvent: {}
[23.482381] (-) TimerEvent: {}
[23.582821] (-) TimerEvent: {}
[23.683252] (-) TimerEvent: {}
[23.783549] (-) TimerEvent: {}
[23.883869] (-) TimerEvent: {}
[23.984173] (-) TimerEvent: {}
[24.084457] (-) TimerEvent: {}
[24.184770] (-) TimerEvent: {}
[24.285073] (-) TimerEvent: {}
[24.385429] (-) TimerEvent: {}
[24.485777] (-) TimerEvent: {}
[24.586125] (-) TimerEvent: {}
[24.686462] (-) TimerEvent: {}
[24.786839] (-) TimerEvent: {}
[24.887212] (-) TimerEvent: {}
[24.987535] (-) TimerEvent: {}
[25.087888] (-) TimerEvent: {}
[25.188222] (-) TimerEvent: {}
[25.288572] (-) TimerEvent: {}
[25.388918] (-) TimerEvent: {}
[25.489275] (-) TimerEvent: {}
[25.589665] (-) TimerEvent: {}
[25.690000] (-) TimerEvent: {}
[25.790245] (-) TimerEvent: {}
[25.890527] (-) TimerEvent: {}
[25.990823] (-) TimerEvent: {}
[26.091066] (-) TimerEvent: {}
[26.191331] (-) TimerEvent: {}
[26.291607] (-) TimerEvent: {}
[26.392037] (-) TimerEvent: {}
[26.492641] (-) TimerEvent: {}
[26.593251] (-) TimerEvent: {}
[26.693599] (-) TimerEvent: {}
[26.793947] (-) TimerEvent: {}
[26.894292] (-) TimerEvent: {}
[26.994650] (-) TimerEvent: {}
[27.095018] (-) TimerEvent: {}
[27.195396] (-) TimerEvent: {}
[27.295738] (-) TimerEvent: {}
[27.396086] (-) TimerEvent: {}
[27.496453] (-) TimerEvent: {}
[27.596811] (-) TimerEvent: {}
[27.697157] (-) TimerEvent: {}
[27.797512] (-) TimerEvent: {}
[27.897919] (-) TimerEvent: {}
[27.998290] (-) TimerEvent: {}
[28.098810] (-) TimerEvent: {}
[28.199350] (-) TimerEvent: {}
[28.299753] (-) TimerEvent: {}
[28.400134] (-) TimerEvent: {}
[28.500496] (-) TimerEvent: {}
[28.600849] (-) TimerEvent: {}
[28.701193] (-) TimerEvent: {}
[28.801571] (-) TimerEvent: {}
[28.901924] (-) TimerEvent: {}
[29.002285] (-) TimerEvent: {}
[29.102639] (-) TimerEvent: {}
[29.202980] (-) TimerEvent: {}
[29.303309] (-) TimerEvent: {}
[29.403692] (-) TimerEvent: {}
[29.504043] (-) TimerEvent: {}
[29.604377] (-) TimerEvent: {}
[29.704723] (-) TimerEvent: {}
[29.805075] (-) TimerEvent: {}
[29.905421] (-) TimerEvent: {}
[30.005741] (-) TimerEvent: {}
[30.106109] (-) TimerEvent: {}
[30.206455] (-) TimerEvent: {}
[30.306809] (-) TimerEvent: {}
[30.407143] (-) TimerEvent: {}
[30.507489] (-) TimerEvent: {}
[30.607806] (-) TimerEvent: {}
[30.708147] (-) TimerEvent: {}
[30.808490] (-) TimerEvent: {}
[30.908818] (-) TimerEvent: {}
[31.009191] (-) TimerEvent: {}
[31.109937] (-) TimerEvent: {}
[31.210386] (-) TimerEvent: {}
[31.310760] (-) TimerEvent: {}
[31.411124] (-) TimerEvent: {}
[31.511468] (-) TimerEvent: {}
[31.611819] (-) TimerEvent: {}
[31.712177] (-) TimerEvent: {}
[31.812585] (-) TimerEvent: {}
[31.912993] (-) TimerEvent: {}
[31.975248] (closest_point_finder) StdoutLine: {'line': b'[100%] \x1b[32m\x1b[1mLinking CXX executable closest_point_finder\x1b[0m\n'}
[32.013182] (-) TimerEvent: {}
[32.113778] (-) TimerEvent: {}
[32.214214] (-) TimerEvent: {}
[32.314736] (-) TimerEvent: {}
[32.353908] (closest_point_finder) StdoutLine: {'line': b'[100%] Built target closest_point_finder\n'}
[32.386764] (closest_point_finder) CommandEnded: {'returncode': 0}
[32.414901] (-) TimerEvent: {}
[32.515436] (-) TimerEvent: {}
[32.615784] (-) TimerEvent: {}
[32.632919] (closest_point_finder) JobProgress: {'identifier': 'closest_point_finder', 'progress': 'install'}
[32.663472] (closest_point_finder) Command: {'cmd': ['/usr/bin/cmake', '--install', '/aichallenge/build/closest_point_finder'], 'cwd': '/aichallenge/build/closest_point_finder', 'env': OrderedDict([('HOSTNAME', 'SurfaceLT4'), ('SHLVL', '1'), ('LD_LIBRARY_PATH', '/autoware/install/vehicle_cmd_gate/lib:/autoware/install/trajectory_follower_node/lib:/autoware/install/pure_pursuit/lib:/autoware/install/pid_longitudinal_controller/lib:/autoware/install/mpc_lateral_controller/lib:/autoware/install/trajectory_follower_base/lib:/autoware/install/tier4_planning_rviz_plugin/lib:/autoware/install/tier4_localization_rviz_plugin/lib:/autoware/install/surround_obstacle_checker/lib:/autoware/install/steer_offset_estimator/lib:/autoware/install/static_centerline_optimizer/lib:/autoware/install/simple_planning_simulator/lib:/autoware/install/planning_validator/lib:/autoware/install/operation_mode_transition_manager/lib:/autoware/install/obstacle_velocity_limiter/lib:/autoware/install/obstacle_stop_planner/lib:/autoware/install/obstacle_cruise_planner/lib:/autoware/install/obstacle_collision_checker/lib:/autoware/install/obstacle_avoidance_planner/lib:/autoware/install/behavior_velocity_planner/lib:/autoware/install/motion_velocity_smoother/lib:/autoware/install/mission_planner/lib:/autoware/install/behavior_path_planner/lib:/autoware/install/lane_departure_checker/lib:/autoware/install/ground_segmentation/lib:/autoware/install/control_performance_analysis/lib:/autoware/install/freespace_planner/lib:/autoware/install/freespace_planning_algorithms/lib:/autoware/install/vehicle_info_util/lib:/autoware/install/tvm_utility/lib:/autoware/install/traffic_light_visualization/lib:/autoware/install/traffic_light_selector/lib:/autoware/install/traffic_light_map_based_detector/lib:/autoware/install/traffic_light_classifier/lib:/autoware/install/component_state_monitor/lib:/autoware/install/topic_state_monitor/lib:/autoware/install/time_utils/lib:/autoware/install/tier4_vehicle_rviz_plugin/lib:/autoware/install/tier4_calibration_rviz_plugin/lib:/autoware/install/external_cmd_selector/lib:/autoware/install/autoware_iv_internal_api_adaptor/lib:/autoware/install/autoware_iv_external_api_adaptor/lib:/autoware/install/external_cmd_converter/lib:/autoware/install/raw_vehicle_cmd_converter/lib:/autoware/install/tier4_vehicle_msgs/lib:/autoware/install/dummy_infrastructure/lib:/autoware/install/tier4_v2x_msgs/lib:/autoware/install/tier4_traffic_light_rviz_plugin/lib:/autoware/install/tier4_api_msgs/lib:/autoware/install/mrm_emergency_stop_operator/lib:/autoware/install/mrm_comfortable_stop_operator/lib:/autoware/install/default_ad_api/lib:/autoware/install/tier4_system_msgs/lib:/autoware/install/tier4_state_rviz_plugin/lib:/autoware/install/fault_injection/lib:/autoware/install/diagnostic_converter/lib:/autoware/install/tier4_simulation_msgs/lib:/autoware/install/tier4_simulated_clock_rviz_plugin/lib:/autoware/install/tier4_screen_capture_rviz_plugin/lib:/autoware/install/rtc_replayer/lib:/autoware/install/rtc_manager_rviz_plugin/lib:/autoware/install/rtc_interface/lib:/autoware/install/rtc_auto_mode_manager/lib:/autoware/install/tier4_rtc_msgs/lib:/autoware/install/scenario_selector/lib:/autoware/install/planning_debug_tools/lib:/autoware/install/external_velocity_limit_selector/lib:/autoware/install/costmap_generator/lib:/autoware/install/tier4_planning_msgs/lib:/autoware/install/tier4_perception_rviz_plugin/lib:/autoware/install/detection_by_tracker/lib:/autoware/install/shape_estimation/lib:/autoware/install/object_merger/lib:/autoware/install/multi_object_tracker/lib:/autoware/install/image_projection_based_fusion/lib:/autoware/install/euclidean_cluster/lib:/autoware/install/dummy_perception_publisher/lib:/autoware/install/detected_object_validation/lib:/autoware/install/detected_object_feature_remover/lib:/autoware/install/tier4_perception_msgs/lib:/autoware/install/occupancy_grid_map_outlier_filter/lib:/autoware/install/compare_map_segmentation/lib:/autoware/install/pointcloud_preprocessor/lib:/autoware/install/tier4_pcl_extensions/lib:/autoware/install/initial_pose_button_panel/lib:/autoware/install/tier4_localization_msgs/lib:/autoware/install/tier4_hmi_msgs/lib:/autoware/install/tier4_control_rviz_plugin/lib:/autoware/install/joy_controller/lib:/autoware/install/system_monitor/lib:/autoware/install/elevation_map_loader/lib:/autoware/install/autoware_external_api_msgs/lib:/autoware/install/tier4_external_api_msgs/lib:/autoware/install/tier4_debug_tools/lib:/autoware/install/tier4_debug_rviz_plugin/lib:/autoware/install/route_handler/lib:/autoware/install/radar_tracks_msgs_converter/lib:/autoware/install/radar_static_pointcloud_filter/lib:/autoware/install/radar_fusion_to_detected_object/lib:/autoware/install/probabilistic_occupancy_grid_map/lib:/autoware/install/planning_evaluator/lib:/autoware/install/heatmap_visualizer/lib:/autoware/install/perception_utils/lib:/autoware/install/path_distance_calculator/lib:/autoware/install/map_based_prediction/lib:/autoware/install/motion_utils/lib:/autoware/install/map_loader/lib:/autoware/install/localization_evaluator/lib:/autoware/install/kinematic_evaluator/lib:/autoware/install/interpolation/lib:/autoware/install/imu_corrector/lib:/autoware/install/image_diagnostics/lib:/autoware/install/gyro_odometer/lib:/autoware/install/grid_map_utils/lib:/autoware/install/goal_distance_calculator/lib:/autoware/install/front_vehicle_velocity_estimator/lib:/autoware/install/ekf_localizer/lib:/autoware/install/crosswalk_traffic_light_estimator/lib:/autoware/install/tier4_autoware_utils/lib:/autoware/install/gnss_poser/lib:/autoware/install/tier4_debug_msgs/lib:/autoware/install/tier4_datetime_rviz_plugin/lib:/autoware/install/tier4_control_msgs/lib:/autoware/install/tier4_automatic_goal_rviz_plugin/lib:/autoware/install/signal_processing/lib:/autoware/install/shift_decider/lib:/autoware/install/radar_threshold_filter/lib:/autoware/install/radar_scan_to_pointcloud2/lib:/autoware/install/polar_grid/lib:/autoware/install/pointcloud_to_laserscan/lib:/autoware/install/osqp_interface/lib:/autoware/install/object_range_splitter/lib:/autoware/install/ndt_omp/lib:/autoware/install/mussp/lib:/autoware/install/morai_msgs/lib:/autoware/install/map_tf_generator/lib:/autoware/install/map_height_fitter/lib:/autoware/install/livox_tag_filter/lib:/autoware/install/lanelet2_extension/lib:/autoware/install/kalman_filter/lib:/autoware/install/image_transport_decompressor/lib:/autoware/install/geo_pos_conv/lib:/autoware/install/fake_test_node/lib:/autoware/install/bluetooth_monitor/lib:/autoware/install/bag_time_manager_rviz_plugin/lib:/autoware/install/autoware_utils/lib:/autoware/install/autoware_sensing_msgs/lib:/autoware/install/autoware_planning_msgs/lib:/autoware/install/autoware_perception_msgs/lib:/autoware/install/autoware_map_msgs/lib:/autoware/install/autoware_localization_msgs/lib:/autoware/install/autoware_control_msgs/lib:/autoware/install/autoware_common_msgs/lib:/autoware/install/autoware_auto_geometry/lib:/autoware/install/autoware_auto_vehicle_msgs/lib:/autoware/install/autoware_auto_system_msgs/lib:/autoware/install/autoware_auto_planning_msgs/lib:/autoware/install/autoware_auto_perception_rviz_plugin/lib:/autoware/install/autoware_auto_perception_msgs/lib:/autoware/install/autoware_auto_mapping_msgs/lib:/autoware/install/autoware_auto_geometry_msgs/lib:/autoware/install/autoware_auto_control_msgs/lib:/autoware/install/autoware_adapi_version_msgs/lib:/autoware/install/autoware_adapi_v1_msgs/lib:/opt/ros/humble/opt/rviz_ogre_vendor/lib:/opt/ros/humble/lib/x86_64-linux-gnu:/opt/ros/humble/lib'), ('HOME', '/home/rinnosuke'), ('CYCLONEDDS_URI', 'file:///opt/autoware/cyclonedds.xml'), ('OLDPWD', '/'), ('ROS_PYTHON_VERSION', '3'), ('LC_CTYPE', 'C.UTF-8'), ('COLCON_PREFIX_PATH', '/autoware/install'), ('ROS_DISTRO', 'humble'), ('_', '/usr/bin/colcon'), ('ROS_VERSION', '2'), ('TERM', 'xterm-256color'), ('ROS_LOCALHOST_ONLY', '0'), ('QT_X11_NO_MITSHM', '1'), ('PATH', '/opt/ros/humble/bin:/usr/local/sbin:/usr/local/bin:/usr/sbin:/usr/bin:/sbin:/bin'), ('XDG_RUNTIME_DIR', '/tmp/xdg'), ('DISPLAY', ':0'), ('RMW_IMPLEMENTATION', 'rmw_cyclonedds_cpp'), ('XAUTHORITY', '/tmp/.dockertju5hk0i.xauth'), ('LS_COLORS', 'rs=0:di=01;34:ln=01;36:mh=00:pi=40;33:so=01;35:do=01;35:bd=40;33;01:cd=40;33;01:or=40;31;01:mi=00:su=37;41:sg=30;43:ca=30;41:tw=30;42:ow=34;42:st=37;44:ex=01;32:*.tar=01;31:*.tgz=01;31:*.arc=01;31:*.arj=01;31:*.taz=01;31:*.lha=01;31:*.lz4=01;31:*.lzh=01;31:*.lzma=01;31:*.tlz=01;31:*.txz=01;31:*.tzo=01;31:*.t7z=01;31:*.zip=01;31:*.z=01;31:*.dz=01;31:*.gz=01;31:*.lrz=01;31:*.lz=01;31:*.lzo=01;31:*.xz=01;31:*.zst=01;31:*.tzst=01;31:*.bz2=01;31:*.bz=01;31:*.tbz=01;31:*.tbz2=01;31:*.tz=01;31:*.deb=01;31:*.rpm=01;31:*.jar=01;31:*.war=01;31:*.ear=01;31:*.sar=01;31:*.rar=01;31:*.alz=01;31:*.ace=01;31:*.zoo=01;31:*.cpio=01;31:*.7z=01;31:*.rz=01;31:*.cab=01;31:*.wim=01;31:*.swm=01;31:*.dwm=01;31:*.esd=01;31:*.jpg=01;35:*.jpeg=01;35:*.mjpg=01;35:*.mjpeg=01;35:*.gif=01;35:*.bmp=01;35:*.pbm=01;35:*.pgm=01;35:*.ppm=01;35:*.tga=01;35:*.xbm=01;35:*.xpm=01;35:*.tif=01;35:*.tiff=01;35:*.png=01;35:*.svg=01;35:*.svgz=01;35:*.mng=01;35:*.pcx=01;35:*.mov=01;35:*.mpg=01;35:*.mpeg=01;35:*.m2v=01;35:*.mkv=01;35:*.webm=01;35:*.webp=01;35:*.ogm=01;35:*.mp4=01;35:*.m4v=01;35:*.mp4v=01;35:*.vob=01;35:*.qt=01;35:*.nuv=01;35:*.wmv=01;35:*.asf=01;35:*.rm=01;35:*.rmvb=01;35:*.flc=01;35:*.avi=01;35:*.fli=01;35:*.flv=01;35:*.gl=01;35:*.dl=01;35:*.xcf=01;35:*.xwd=01;35:*.yuv=01;35:*.cgm=01;35:*.emf=01;35:*.ogv=01;35:*.ogx=01;35:*.aac=00;36:*.au=00;36:*.flac=00;36:*.m4a=00;36:*.mid=00;36:*.midi=00;36:*.mka=00;36:*.mp3=00;36:*.mpc=00;36:*.ogg=00;36:*.ra=00;36:*.wav=00;36:*.oga=00;36:*.opus=00;36:*.spx=00;36:*.xspf=00;36:'), ('AMENT_PREFIX_PATH', '/autoware/install/velodyne_monitor:/autoware/install/vehicle_velocity_converter:/autoware/install/autoware_launch:/autoware/install/tier4_control_launch:/autoware/install/vehicle_cmd_gate:/autoware/install/trajectory_follower_node:/autoware/install/pure_pursuit:/autoware/install/pid_longitudinal_controller:/autoware/install/mpc_lateral_controller:/autoware/install/trajectory_follower_base:/autoware/install/tier4_simulator_launch:/autoware/install/tier4_sensing_launch:/autoware/install/tier4_planning_rviz_plugin:/autoware/install/tier4_planning_launch:/autoware/install/tier4_perception_launch:/autoware/install/tier4_localization_rviz_plugin:/autoware/install/surround_obstacle_checker:/autoware/install/steer_offset_estimator:/autoware/install/static_centerline_optimizer:/autoware/install/simple_planning_simulator:/autoware/install/planning_validator:/autoware/install/operation_mode_transition_manager:/autoware/install/obstacle_velocity_limiter:/autoware/install/obstacle_stop_planner:/autoware/install/obstacle_cruise_planner:/autoware/install/obstacle_collision_checker:/autoware/install/obstacle_avoidance_planner:/autoware/install/behavior_velocity_planner:/autoware/install/motion_velocity_smoother:/autoware/install/mission_planner:/autoware/install/behavior_path_planner:/autoware/install/lane_departure_checker:/autoware/install/ground_segmentation:/autoware/install/control_performance_analysis:/autoware/install/global_parameter_loader:/autoware/install/freespace_planner:/autoware/install/freespace_planning_algorithms:/autoware/install/vehicle_info_util:/autoware/install/twist2accel:/autoware/install/lidar_centerpoint_tvm:/autoware/install/lidar_apollo_segmentation_tvm_nodes:/autoware/install/lidar_apollo_segmentation_tvm:/autoware/install/tvm_utility:/autoware/install/traffic_light_visualization:/autoware/install/traffic_light_ssd_fine_detector:/autoware/install/traffic_light_selector:/autoware/install/traffic_light_map_based_detector:/autoware/install/traffic_light_classifier:/autoware/install/tier4_system_launch:/autoware/install/component_state_monitor:/autoware/install/topic_state_monitor:/autoware/install/time_utils:/autoware/install/tier4_vehicle_rviz_plugin:/autoware/install/tier4_calibration_rviz_plugin:/autoware/install/tier4_autoware_api_launch:/autoware/install/external_cmd_selector:/autoware/install/awapi_awiv_adapter:/autoware/install/autoware_iv_internal_api_adaptor:/autoware/install/autoware_iv_external_api_adaptor:/autoware/install/tier4_auto_msgs_converter:/autoware/install/external_cmd_converter:/autoware/install/accel_brake_map_calibrator:/autoware/install/raw_vehicle_cmd_converter:/autoware/install/tier4_vehicle_msgs:/autoware/install/tier4_vehicle_launch:/autoware/install/dummy_infrastructure:/autoware/install/tier4_v2x_msgs:/autoware/install/tier4_traffic_light_rviz_plugin:/autoware/install/tier4_localization_launch:/autoware/install/tier4_api_msgs:/autoware/install/pose_initializer:/autoware/install/mrm_emergency_stop_operator:/autoware/install/mrm_comfortable_stop_operator:/autoware/install/emergency_handler:/autoware/install/default_ad_api:/autoware/install/automatic_pose_initializer:/autoware/install/ad_api_adaptors:/autoware/install/component_interface_utils:/autoware/install/component_interface_tools:/autoware/install/tier4_system_msgs:/autoware/install/tier4_state_rviz_plugin:/autoware/install/fault_injection:/autoware/install/diagnostic_converter:/autoware/install/tier4_simulation_msgs:/autoware/install/tier4_simulated_clock_rviz_plugin:/autoware/install/tier4_screen_capture_rviz_plugin:/autoware/install/rtc_replayer:/autoware/install/rtc_manager_rviz_plugin:/autoware/install/rtc_interface:/autoware/install/rtc_auto_mode_manager:/autoware/install/tier4_rtc_msgs:/autoware/install/scenario_selector:/autoware/install/planning_debug_tools:/autoware/install/external_velocity_limit_selector:/autoware/install/costmap_generator:/autoware/install/tier4_planning_msgs:/autoware/install/tier4_perception_rviz_plugin:/autoware/install/tensorrt_yolo:/autoware/install/detection_by_tracker:/autoware/install/shape_estimation:/autoware/install/object_merger:/autoware/install/multi_object_tracker:/autoware/install/lidar_apollo_instance_segmentation:/autoware/install/image_projection_based_fusion:/autoware/install/euclidean_cluster:/autoware/install/dummy_perception_publisher:/autoware/install/detected_object_validation:/autoware/install/detected_object_feature_remover:/autoware/install/tier4_perception_msgs:/autoware/install/occupancy_grid_map_outlier_filter:/autoware/install/compare_map_segmentation:/autoware/install/pointcloud_preprocessor:/autoware/install/tier4_pcl_extensions:/autoware/install/tier4_map_launch:/autoware/install/ndt_scan_matcher:/autoware/install/initial_pose_button_panel:/autoware/install/tier4_localization_msgs:/autoware/install/tier4_hmi_msgs:/autoware/install/tier4_control_rviz_plugin:/autoware/install/joy_controller:/autoware/install/tier4_api_utils:/autoware/install/system_monitor:/autoware/install/elevation_map_loader:/autoware/install/autoware_external_api_msgs:/autoware/install/tier4_external_api_msgs:/autoware/install/tier4_debug_tools:/autoware/install/tier4_debug_rviz_plugin:/autoware/install/system_error_monitor:/autoware/install/route_handler:/autoware/install/radar_tracks_msgs_converter:/autoware/install/radar_static_pointcloud_filter:/autoware/install/radar_fusion_to_detected_object:/autoware/install/probabilistic_occupancy_grid_map:/autoware/install/planning_evaluator:/autoware/install/lidar_centerpoint:/autoware/install/heatmap_visualizer:/autoware/install/perception_utils:/autoware/install/path_distance_calculator:/autoware/install/map_based_prediction:/autoware/install/motion_utils:/autoware/install/map_loader:/autoware/install/localization_evaluator:/autoware/install/kinematic_evaluator:/autoware/install/interpolation:/autoware/install/imu_corrector:/autoware/install/image_diagnostics:/autoware/install/gyro_odometer:/autoware/install/grid_map_utils:/autoware/install/goal_distance_calculator:/autoware/install/front_vehicle_velocity_estimator:/autoware/install/ekf_localizer:/autoware/install/dummy_diag_publisher:/autoware/install/crosswalk_traffic_light_estimator:/autoware/install/tier4_autoware_utils:/autoware/install/stop_filter:/autoware/install/pose2twist:/autoware/install/gnss_poser:/autoware/install/tier4_debug_msgs:/autoware/install/tier4_datetime_rviz_plugin:/autoware/install/tier4_control_msgs:/autoware/install/tier4_automatic_goal_rviz_plugin:/autoware/install/simulator_compatibility_test:/autoware/install/signal_processing:/autoware/install/shift_decider:/autoware/install/radar_threshold_filter:/autoware/install/radar_scan_to_pointcloud2:/autoware/install/polar_grid:/autoware/install/pointcloud_to_laserscan:/autoware/install/osqp_interface:/autoware/install/object_range_splitter:/autoware/install/ndt_omp:/autoware/install/mussp:/autoware/install/morai_msgs:/autoware/install/map_tf_generator:/autoware/install/map_height_fitter:/autoware/install/localization_error_monitor:/autoware/install/livox_tag_filter:/autoware/install/lanelet2_map_preprocessor:/autoware/install/lanelet2_extension:/autoware/install/kalman_filter:/autoware/install/individual_params:/autoware/install/image_transport_decompressor:/autoware/install/geo_pos_conv:/autoware/install/fake_test_node:/autoware/install/component_interface_specs:/autoware/install/bluetooth_monitor:/autoware/install/bag_time_manager_rviz_plugin:/autoware/install/autoware_utils:/autoware/install/autoware_testing:/autoware/install/autoware_sensing_msgs:/autoware/install/autoware_point_types:/autoware/install/autoware_planning_msgs:/autoware/install/autoware_perception_msgs:/autoware/install/autoware_map_msgs:/autoware/install/autoware_localization_msgs:/autoware/install/autoware_lint_common:/autoware/install/autoware_control_msgs:/autoware/install/autoware_common_msgs:/autoware/install/autoware_cmake:/autoware/install/autoware_auto_msgs:/autoware/install/autoware_auto_geometry:/autoware/install/autoware_auto_vehicle_msgs:/autoware/install/autoware_auto_tf2:/autoware/install/autoware_auto_system_msgs:/autoware/install/autoware_auto_planning_msgs:/autoware/install/autoware_auto_perception_rviz_plugin:/autoware/install/autoware_auto_perception_msgs:/autoware/install/autoware_auto_mapping_msgs:/autoware/install/autoware_auto_geometry_msgs:/autoware/install/autoware_auto_control_msgs:/autoware/install/autoware_auto_common:/autoware/install/autoware_adapi_version_msgs:/autoware/install/ad_api_visualizers:/autoware/install/autoware_adapi_v1_msgs:/autoware/install/autoware_ad_api_specs:/opt/ros/humble'), ('PWD', '/aichallenge/build/closest_point_finder'), ('RCUTILS_COLORIZED_OUTPUT', '1'), ('PYTHONPATH', '/autoware/install/static_centerline_optimizer/local/lib/python3.10/dist-packages:/autoware/install/planning_validator/local/lib/python3.10/dist-packages:/autoware/install/operation_mode_transition_manager/local/lib/python3.10/dist-packages:/autoware/install/control_performance_analysis/local/lib/python3.10/dist-packages:/autoware/install/tier4_vehicle_msgs/local/lib/python3.10/dist-packages:/autoware/install/tier4_v2x_msgs/local/lib/python3.10/dist-packages:/autoware/install/tier4_api_msgs/local/lib/python3.10/dist-packages:/autoware/install/tier4_system_msgs/local/lib/python3.10/dist-packages:/autoware/install/tier4_simulation_msgs/local/lib/python3.10/dist-packages:/autoware/install/tier4_rtc_msgs/local/lib/python3.10/dist-packages:/autoware/install/planning_debug_tools/local/lib/python3.10/dist-packages:/autoware/install/tier4_planning_msgs/local/lib/python3.10/dist-packages:/autoware/install/dummy_perception_publisher/local/lib/python3.10/dist-packages:/autoware/install/tier4_perception_msgs/local/lib/python3.10/dist-packages:/autoware/install/tier4_localization_msgs/local/lib/python3.10/dist-packages:/autoware/install/tier4_hmi_msgs/local/lib/python3.10/dist-packages:/autoware/install/autoware_external_api_msgs/local/lib/python3.10/dist-packages:/autoware/install/tier4_external_api_msgs/local/lib/python3.10/dist-packages:/autoware/install/tier4_debug_msgs/local/lib/python3.10/dist-packages:/autoware/install/tier4_control_msgs/local/lib/python3.10/dist-packages:/autoware/install/simulator_compatibility_test/lib/python3.10/site-packages:/autoware/install/morai_msgs/local/lib/python3.10/dist-packages:/autoware/install/autoware_sensing_msgs/local/lib/python3.10/dist-packages:/autoware/install/autoware_planning_msgs/local/lib/python3.10/dist-packages:/autoware/install/autoware_perception_msgs/local/lib/python3.10/dist-packages:/autoware/install/autoware_map_msgs/local/lib/python3.10/dist-packages:/autoware/install/autoware_localization_msgs/local/lib/python3.10/dist-packages:/autoware/install/autoware_control_msgs/local/lib/python3.10/dist-packages:/autoware/install/autoware_common_msgs/local/lib/python3.10/dist-packages:/autoware/install/autoware_auto_vehicle_msgs/local/lib/python3.10/dist-packages:/autoware/install/autoware_auto_system_msgs/local/lib/python3.10/dist-packages:/autoware/install/autoware_auto_planning_msgs/local/lib/python3.10/dist-packages:/autoware/install/autoware_auto_perception_msgs/local/lib/python3.10/dist-packages:/autoware/install/autoware_auto_mapping_msgs/local/lib/python3.10/dist-packages:/autoware/install/autoware_auto_geometry_msgs/local/lib/python3.10/dist-packages:/autoware/install/autoware_auto_control_msgs/local/lib/python3.10/dist-packages:/autoware/install/autoware_adapi_version_msgs/local/lib/python3.10/dist-packages:/autoware/install/ad_api_visualizers/lib/python3.10/site-packages:/autoware/install/autoware_adapi_v1_msgs/local/lib/python3.10/dist-packages:/opt/ros/humble/lib/python3.10/site-packages:/opt/ros/humble/local/lib/python3.10/dist-packages'), ('COLCON', '1'), ('CMAKE_PREFIX_PATH', '/autoware/install/velodyne_monitor:/autoware/install/vehicle_velocity_converter:/autoware/install/autoware_launch:/autoware/install/tier4_control_launch:/autoware/install/vehicle_cmd_gate:/autoware/install/trajectory_follower_node:/autoware/install/pure_pursuit:/autoware/install/pid_longitudinal_controller:/autoware/install/mpc_lateral_controller:/autoware/install/trajectory_follower_base:/autoware/install/tier4_simulator_launch:/autoware/install/tier4_sensing_launch:/autoware/install/tier4_planning_rviz_plugin:/autoware/install/tier4_planning_launch:/autoware/install/tier4_perception_launch:/autoware/install/tier4_localization_rviz_plugin:/autoware/install/surround_obstacle_checker:/autoware/install/steer_offset_estimator:/autoware/install/static_centerline_optimizer:/autoware/install/simple_planning_simulator:/autoware/install/planning_validator:/autoware/install/operation_mode_transition_manager:/autoware/install/obstacle_velocity_limiter:/autoware/install/obstacle_stop_planner:/autoware/install/obstacle_cruise_planner:/autoware/install/obstacle_collision_checker:/autoware/install/obstacle_avoidance_planner:/autoware/install/behavior_velocity_planner:/autoware/install/motion_velocity_smoother:/autoware/install/mission_planner:/autoware/install/behavior_path_planner:/autoware/install/lane_departure_checker:/autoware/install/ground_segmentation:/autoware/install/control_performance_analysis:/autoware/install/global_parameter_loader:/autoware/install/freespace_planner:/autoware/install/freespace_planning_algorithms:/autoware/install/vehicle_info_util:/autoware/install/twist2accel:/autoware/install/lidar_centerpoint_tvm:/autoware/install/lidar_apollo_segmentation_tvm_nodes:/autoware/install/lidar_apollo_segmentation_tvm:/autoware/install/tvm_utility:/autoware/install/traffic_light_visualization:/autoware/install/traffic_light_ssd_fine_detector:/autoware/install/traffic_light_selector:/autoware/install/traffic_light_map_based_detector:/autoware/install/traffic_light_classifier:/autoware/install/tier4_system_launch:/autoware/install/component_state_monitor:/autoware/install/topic_state_monitor:/autoware/install/time_utils:/autoware/install/tier4_vehicle_rviz_plugin:/autoware/install/tier4_calibration_rviz_plugin:/autoware/install/tier4_autoware_api_launch:/autoware/install/external_cmd_selector:/autoware/install/awapi_awiv_adapter:/autoware/install/autoware_iv_internal_api_adaptor:/autoware/install/autoware_iv_external_api_adaptor:/autoware/install/tier4_auto_msgs_converter:/autoware/install/external_cmd_converter:/autoware/install/accel_brake_map_calibrator:/autoware/install/raw_vehicle_cmd_converter:/autoware/install/tier4_vehicle_msgs:/autoware/install/tier4_vehicle_launch:/autoware/install/dummy_infrastructure:/autoware/install/tier4_v2x_msgs:/autoware/install/tier4_traffic_light_rviz_plugin:/autoware/install/tier4_localization_launch:/autoware/install/tier4_api_msgs:/autoware/install/pose_initializer:/autoware/install/mrm_emergency_stop_operator:/autoware/install/mrm_comfortable_stop_operator:/autoware/install/emergency_handler:/autoware/install/default_ad_api:/autoware/install/automatic_pose_initializer:/autoware/install/ad_api_adaptors:/autoware/install/component_interface_utils:/autoware/install/component_interface_tools:/autoware/install/tier4_system_msgs:/autoware/install/tier4_state_rviz_plugin:/autoware/install/fault_injection:/autoware/install/diagnostic_converter:/autoware/install/tier4_simulation_msgs:/autoware/install/tier4_simulated_clock_rviz_plugin:/autoware/install/tier4_screen_capture_rviz_plugin:/autoware/install/rtc_replayer:/autoware/install/rtc_manager_rviz_plugin:/autoware/install/rtc_interface:/autoware/install/rtc_auto_mode_manager:/autoware/install/tier4_rtc_msgs:/autoware/install/scenario_selector:/autoware/install/planning_debug_tools:/autoware/install/external_velocity_limit_selector:/autoware/install/costmap_generator:/autoware/install/tier4_planning_msgs:/autoware/install/tier4_perception_rviz_plugin:/autoware/install/tensorrt_yolo:/autoware/install/detection_by_tracker:/autoware/install/shape_estimation:/autoware/install/object_merger:/autoware/install/multi_object_tracker:/autoware/install/lidar_apollo_instance_segmentation:/autoware/install/image_projection_based_fusion:/autoware/install/euclidean_cluster:/autoware/install/dummy_perception_publisher:/autoware/install/detected_object_validation:/autoware/install/detected_object_feature_remover:/autoware/install/tier4_perception_msgs:/autoware/install/occupancy_grid_map_outlier_filter:/autoware/install/compare_map_segmentation:/autoware/install/pointcloud_preprocessor:/autoware/install/tier4_pcl_extensions:/autoware/install/tier4_map_launch:/autoware/install/ndt_scan_matcher:/autoware/install/initial_pose_button_panel:/autoware/install/tier4_localization_msgs:/autoware/install/tier4_hmi_msgs:/autoware/install/tier4_control_rviz_plugin:/autoware/install/joy_controller:/autoware/install/tier4_api_utils:/autoware/install/system_monitor:/autoware/install/elevation_map_loader:/autoware/install/autoware_external_api_msgs:/autoware/install/tier4_external_api_msgs:/autoware/install/tier4_debug_tools:/autoware/install/tier4_debug_rviz_plugin:/autoware/install/system_error_monitor:/autoware/install/route_handler:/autoware/install/radar_tracks_msgs_converter:/autoware/install/radar_static_pointcloud_filter:/autoware/install/radar_fusion_to_detected_object:/autoware/install/probabilistic_occupancy_grid_map:/autoware/install/planning_evaluator:/autoware/install/lidar_centerpoint:/autoware/install/heatmap_visualizer:/autoware/install/perception_utils:/autoware/install/path_distance_calculator:/autoware/install/map_based_prediction:/autoware/install/motion_utils:/autoware/install/map_loader:/autoware/install/localization_evaluator:/autoware/install/kinematic_evaluator:/autoware/install/interpolation:/autoware/install/imu_corrector:/autoware/install/image_diagnostics:/autoware/install/gyro_odometer:/autoware/install/grid_map_utils:/autoware/install/goal_distance_calculator:/autoware/install/front_vehicle_velocity_estimator:/autoware/install/ekf_localizer:/autoware/install/dummy_diag_publisher:/autoware/install/crosswalk_traffic_light_estimator:/autoware/install/tier4_autoware_utils:/autoware/install/stop_filter:/autoware/install/pose2twist:/autoware/install/gnss_poser:/autoware/install/tier4_debug_msgs:/autoware/install/tier4_datetime_rviz_plugin:/autoware/install/tier4_control_msgs:/autoware/install/tier4_automatic_goal_rviz_plugin:/autoware/install/signal_processing:/autoware/install/shift_decider:/autoware/install/radar_threshold_filter:/autoware/install/radar_scan_to_pointcloud2:/autoware/install/polar_grid:/autoware/install/pointcloud_to_laserscan:/autoware/install/osqp_interface:/autoware/install/object_range_splitter:/autoware/install/ndt_omp:/autoware/install/mussp:/autoware/install/morai_msgs:/autoware/install/map_tf_generator:/autoware/install/map_height_fitter:/autoware/install/localization_error_monitor:/autoware/install/livox_tag_filter:/autoware/install/lanelet2_map_preprocessor:/autoware/install/lanelet2_extension:/autoware/install/kalman_filter:/autoware/install/individual_params:/autoware/install/image_transport_decompressor:/autoware/install/geo_pos_conv:/autoware/install/fake_test_node:/autoware/install/component_interface_specs:/autoware/install/bluetooth_monitor:/autoware/install/bag_time_manager_rviz_plugin:/autoware/install/autoware_utils:/autoware/install/autoware_testing:/autoware/install/autoware_sensing_msgs:/autoware/install/autoware_point_types:/autoware/install/autoware_planning_msgs:/autoware/install/autoware_perception_msgs:/autoware/install/autoware_map_msgs:/autoware/install/autoware_localization_msgs:/autoware/install/autoware_lint_common:/autoware/install/autoware_control_msgs:/autoware/install/autoware_common_msgs:/autoware/install/autoware_cmake:/autoware/install/autoware_auto_msgs:/autoware/install/autoware_auto_geometry:/autoware/install/autoware_auto_vehicle_msgs:/autoware/install/autoware_auto_tf2:/autoware/install/autoware_auto_system_msgs:/autoware/install/autoware_auto_planning_msgs:/autoware/install/autoware_auto_perception_rviz_plugin:/autoware/install/autoware_auto_perception_msgs:/autoware/install/autoware_auto_mapping_msgs:/autoware/install/autoware_auto_geometry_msgs:/autoware/install/autoware_auto_control_msgs:/autoware/install/autoware_auto_common:/autoware/install/autoware_adapi_version_msgs:/autoware/install/autoware_adapi_v1_msgs:/autoware/install/autoware_ad_api_specs:/autoware/install/simulator_compatibility_test:/autoware/install/ad_api_visualizers:/opt/ros/humble')]), 'shell': False}
[32.702814] (closest_point_finder) StdoutLine: {'line': b'-- Install configuration: "Release"\n'}
[32.703359] (closest_point_finder) StdoutLine: {'line': b'-- Execute custom install script\n'}
[32.703754] (closest_point_finder) StdoutLine: {'line': b'-- Symlinking: /aichallenge/install/closest_point_finder/share/ament_index/resource_index/package_run_dependencies/closest_point_finder\n'}
[32.715872] (-) TimerEvent: {}
[32.732357] (closest_point_finder) StdoutLine: {'line': b'-- Symlinking: /aichallenge/install/closest_point_finder/share/ament_index/resource_index/parent_prefix_path/closest_point_finder\n'}
[32.768564] (closest_point_finder) StdoutLine: {'line': b'-- Symlinking: /aichallenge/install/closest_point_finder/share/closest_point_finder/environment/ament_prefix_path.sh\n'}
[32.805716] (closest_point_finder) StdoutLine: {'line': b'-- Symlinking: /aichallenge/install/closest_point_finder/share/closest_point_finder/environment/ament_prefix_path.dsv\n'}
[32.815963] (-) TimerEvent: {}
[32.831175] (closest_point_finder) StdoutLine: {'line': b'-- Symlinking: /aichallenge/install/closest_point_finder/share/closest_point_finder/environment/path.sh\n'}
[32.856224] (closest_point_finder) StdoutLine: {'line': b'-- Symlinking: /aichallenge/install/closest_point_finder/share/closest_point_finder/environment/path.dsv\n'}
[32.881262] (closest_point_finder) StdoutLine: {'line': b'-- Symlinking: /aichallenge/install/closest_point_finder/share/closest_point_finder/local_setup.bash\n'}
[32.906212] (closest_point_finder) StdoutLine: {'line': b'-- Symlinking: /aichallenge/install/closest_point_finder/share/closest_point_finder/local_setup.sh\n'}
[32.916117] (-) TimerEvent: {}
[32.932620] (closest_point_finder) StdoutLine: {'line': b'-- Symlinking: /aichallenge/install/closest_point_finder/share/closest_point_finder/local_setup.zsh\n'}
[32.972056] (closest_point_finder) StdoutLine: {'line': b'-- Symlinking: /aichallenge/install/closest_point_finder/share/closest_point_finder/local_setup.dsv\n'}
[32.998865] (closest_point_finder) StdoutLine: {'line': b'-- Symlinking: /aichallenge/install/closest_point_finder/share/closest_point_finder/package.dsv\n'}
[33.016202] (-) TimerEvent: {}
[33.024358] (closest_point_finder) StdoutLine: {'line': b'-- Symlinking: /aichallenge/install/closest_point_finder/share/ament_index/resource_index/packages/closest_point_finder\n'}
[33.050200] (closest_point_finder) StdoutLine: {'line': b'-- Symlinking: /aichallenge/install/closest_point_finder/share/closest_point_finder/cmake/closest_point_finderConfig.cmake\n'}
[33.076143] (closest_point_finder) StdoutLine: {'line': b'-- Symlinking: /aichallenge/install/closest_point_finder/share/closest_point_finder/cmake/closest_point_finderConfig-version.cmake\n'}
[33.108233] (closest_point_finder) StdoutLine: {'line': b'-- Symlinking: /aichallenge/install/closest_point_finder/share/closest_point_finder/package.xml\n'}
[33.116347] (-) TimerEvent: {}
[33.155767] (closest_point_finder) CommandEnded: {'returncode': 0}
[33.216489] (-) TimerEvent: {}
[33.316884] (-) TimerEvent: {}
[33.417338] (-) TimerEvent: {}
[33.429728] (closest_point_finder) JobEnded: {'identifier': 'closest_point_finder', 'rc': 0}
[33.430738] (-) EventReactorShutdown: {}
